time_s,true_east_m,true_north_m,true_depth_m,estimated_east_m,estimated_north_m,estimated_depth_m,velocity_east_m_s,velocity_north_m_s,velocity_depth_m_s,position_error_m,ungated_error_m,inertial_error_m,variance_east_m2,variance_north_m2,variance_depth_m2,cov_east_north_m2,cov_east_depth_m2,cov_north_depth_m2,accepted_updates,rejected_updates,acoustic_online
0,0,0,12,0,0,12,1.1377778,0.0600000,0.1363636,0,0,0,4,4,1,0,0,0,0,0,1
0.1000000,0.1137766,0.0058866,12.0136362,0.1136871,0.0058325,12.0134135,1.1359634,0.0566499,0.1319068,0.0002460,0.0002460,0.0002460,4.0012067,4.0012067,1.0005067,0,0,0,0,0,1
0.2000000,0.2275496,0.0115465,12.0272720,0.2274364,0.0115521,12.1155011,1.1390239,0.0577432,0.1339330,0.0882292,0.0882292,0.0006230,4.0048533,4.0048533,0.0063594,0,0,0,1,0,1
0.3000000,0.3413165,0.0169796,12.0409071,0.3414266,0.0172344,12.1288486,1.1407801,0.0559018,0.1330164,0.0879419,0.0879419,0.0010305,4.0109800,4.0109800,0.0069182,0,0,0,1,0,1
0.4000000,0.4550751,0.0221860,12.0545412,0.4554762,0.0226831,12.1148357,1.1402108,0.0530726,0.0982439,0.0602979,0.0602979,0.0015076,4.0196267,4.0196267,0.0036684,0,0,0,2,0,1
0.5000000,0.5688229,0.0271657,12.0681741,0.5800996,-0.0174606,12.1347809,1.1628831,-0.0466413,0.1535665,0.0809639,0.0809639,0.0017624,4.0012461,4.0012461,0.0033172,0,0,0,5,0,1
0.6000000,0.6825574,0.0319188,12.0818054,0.6964600,-0.0221668,12.1521998,1.1643257,-0.0474832,0.1550770,0.0898549,0.0898549,0.0019068,4.0014645,4.0014645,0.0022280,0,0,0,6,0,1
0.7000000,0.7962764,0.0364451,12.0954348,0.8128829,-0.0268671,12.1679311,1.1641318,-0.0465218,0.1595484,0.0976725,0.0976725,0.0020827,4.0017627,4.0017627,0.0023608,0,0,0,6,0,1
0.8000000,0.9099774,0.0407449,12.1090622,0.9292001,-0.0317495,12.1659259,1.1622125,-0.0511268,0.1469446,0.0941193,0.0941193,0.0023121,4.0021808,4.0021808,0.0018547,0,0,0,7,0,1
0.9000000,1.0236580,0.0448181,12.1226871,1.0456034,-0.0369192,12.1805705,1.1658532,-0.0522675,0.1459463,0.1025333,0.1025333,0.0027827,4.0027587,4.0027587,0.0021670,0,0,0,7,0,1
1,1.1373158,0.0486647,12.1363094,1.0146380,-0.1846412,12.1645694,1.1762758,0.0041160,0.1222238,0.2651039,0.2651039,0.0036098,0.1173593,0.1530473,0.0015092,-0.0057800,0.0000175,0.0000053,15,0,1
1.1000000,1.2509483,0.0522849,12.1499287,1.1323097,-0.1844035,12.1767622,1.1771572,0.0006362,0.1216324,0.2661139,0.2661139,0.0046164,0.1173871,0.1530762,0.0016023,-0.0057802,0.0000179,0.0000054,15,0,1
1.2000000,1.3645533,0.0556787,12.1635448,1.2499451,-0.1845531,12.1684105,1.1797715,-0.0023468,0.1065342,0.2662143,0.2662143,0.0058109,0.1174894,0.1531798,0.0013862,-0.0057804,0.0000143,0.0000044,16,0,1
1.3000000,1.4781284,0.0588461,12.1771574,1.3680475,-0.1849210,12.1791023,1.1822761,-0.0050095,0.1073010,0.2674771,0.2674771,0.0072867,0.1177065,0.1533980,0.0016188,-0.0057806,0.0000145,0.0000044,16,0,1
1.4000000,1.5916710,0.0617873,12.1907661,1.4863184,-0.1853145,12.2039892,1.1810695,-0.0034909,0.1240337,0.2689485,0.2689485,0.0088959,0.1180782,0.1537708,0.0015252,-0.0057808,0.0000112,0.0000034,17,0,1
1.5000000,1.7051789,0.0645022,12.2043708,1.5856554,-0.1717029,12.2249799,1.1141062,0.0438285,0.1596519,0.2655249,0.2655249,0.0104083,0.1178116,0.1535026,0.0013786,-0.0057805,0.0000115,0.0000035,20,0,1
1.6000000,1.8186496,0.0669910,12.2179711,1.6971499,-0.1672935,12.2532054,1.1138958,0.0437864,0.1645190,0.2662571,0.2662571,0.0118675,0.1179352,0.1536263,0.0012085,-0.0057806,0.0000093,0.0000028,21,0,1
1.7000000,1.9320807,0.0692537,12.2315668,1.8085188,-0.1627760,12.2695999,1.1134836,0.0465630,0.1633720,0.2656160,0.2656160,0.0133847,0.1181333,0.1538246,0.0013664,-0.0057806,0.0000091,0.0000028,21,0,1
1.8000000,2.0454700,0.0712904,12.2451576,1.9197565,-0.1582107,12.2549163,1.1147012,0.0457852,0.1357805,0.2618585,0.2618585,0.0151079,0.1184460,0.1541375,0.0013038,-0.0057806,0.0000072,0.0000022,22,0,1
1.9000000,2.1588148,0.0731013,12.2587431,2.0314499,-0.1538468,12.2685164,1.1191672,0.0414941,0.1362217,0.2604280,0.2604280,0.0172269,0.1189132,0.1546049,0.0016545,-0.0057806,0.0000068,0.0000021,22,0,1
2,2.2721130,0.0746864,12.2723231,1.8770542,0.1330308,12.2641151,1.1296022,-0.0008269,0.0908933,0.3994282,0.3994282,0.0197205,0.0591704,0.0792656,0.0011571,-0.0030104,0.0000132,0.0000010,30,0,1
2.1000000,2.3853621,0.0760458,12.2858974,1.9899131,0.1327464,12.2734469,1.1275757,-0.0048618,0.0957423,0.3996872,0.3996872,0.0223439,0.0592512,0.0793480,0.0012606,-0.0030105,0.0000135,0.0000010,30,0,1
2.2000000,2.4985596,0.0771797,12.2994657,2.1025151,0.1321127,12.2557243,1.1297187,-0.0074225,0.0750521,0.4022216,0.4022216,0.0251073,0.0594064,0.0795049,0.0011740,-0.0030106,0.0000113,0.0000008,31,0,1
2.3000000,2.6117033,0.0780880,12.3130276,2.2153422,0.1311827,12.2629506,1.1268239,-0.0111762,0.0694741,0.4030247,0.4030247,0.0278203,0.0596761,0.0797763,0.0014216,-0.0030106,0.0000114,0.0000008,31,0,1
2.4000000,2.7247908,0.0787711,12.3265829,2.3280116,0.1299023,12.2841966,1.1247611,-0.0145549,0.0890796,0.4022993,0.4022993,0.0302561,0.0601003,0.0802023,0.0014168,-0.0030107,0.0000090,0.0000006,32,0,1
2.5000000,2.8378196,0.0792289,12.3401313,2.4336608,0.1457822,12.3067092,1.1028478,0.0359843,0.1418193,0.4109631,0.4109631,0.0326444,0.0597519,0.0798511,0.0012462,-0.0030106,0.0000092,0.0000007,35,0,1
2.6000000,2.9507874,0.0794617,12.3536725,2.5440824,0.1492035,12.3271138,1.1047218,0.0323801,0.1422446,0.4134952,0.4134952,0.0351075,0.0598833,0.0799827,0.0011221,-0.0030106,0.0000076,0.0000005,36,0,1
2.7000000,3.0636918,0.0794695,12.3672063,2.6544247,0.1524045,12.3414319,1.1021253,0.0316393,0.1441191,0.4165134,0.4165134,0.0375946,0.0600891,0.0801888,0.0012846,-0.0030106,0.0000075,0.0000005,36,0,1
2.8000000,3.1765305,0.0792525,12.3807324,2.7643775,0.1555093,12.3469300,1.0977593,0.0305157,0.1322072,0.4205090,0.4205090,0.0398654,0.0604095,0.0805095,0.0012542,-0.0030106,0.0000059,0.0000004,37,0,1
2.9000000,3.2893010,0.0788108,12.3942505,2.8740895,0.1583741,12.3601596,1.0964815,0.0267806,0.1323844,0.4241380,0.4241380,0.0419120,0.0608845,0.0809847,0.0016109,-0.0030106,0.0000056,0.0000004,37,0,1
3,3.4020010,0.0781446,12.4077602,3.2539951,0.2410376,12.3702254,1.0601241,-0.0119418,0.1614053,0.2232684,0.2232684,0.0438261,0.0397444,0.0542020,0.0011220,-0.0019206,0.0000112,0.0000003,45,0,1
3.1000000,3.5146282,0.0772540,12.4212615,3.3600782,0.2396110,12.3862889,1.0615377,-0.0165900,0.1598635,0.2268669,0.2268669,0.0456857,0.0398439,0.0543033,0.0012268,-0.0019205,0.0000115,0.0000003,45,0,1
3.2000000,3.6271801,0.0761392,12.4347538,3.4663048,0.2376932,12.4037839,1.0627498,-0.0217719,0.1618967,0.2300864,0.2300864,0.0476825,0.0400178,0.0544791,0.0011523,-0.0019203,0.0000096,0.0000003,46,0,1
3.3000000,3.7396545,0.0748003,12.4482371,3.5724319,0.2355094,12.4199121,1.0597923,-0.0219052,0.1606683,0.2336517,0.2336517,0.0496745,0.0403062,0.0547693,0.0014016,-0.0019202,0.0000097,0.0000003,46,0,1
3.4000000,3.8520489,0.0732376,12.4617109,3.6783793,0.2330432,12.4650655,1.0560035,-0.0275022,0.1984652,0.2360301,0.2360301,0.0513829,0.0407492,0.0552141,0.0014057,-0.0019200,0.0000076,0.0000002,47,0,1
3.5000000,3.9643609,0.0714512,12.4751751,3.8261671,0.2344183,12.4797516,1.1880325,-0.0197191,0.1817150,0.2137212,0.2137212,0.0529905,0.0403693,0.0548310,0.0012323,-0.0019203,0.0000079,0.0000002,50,0,1
3.6000000,4.0765883,0.0694412,12.4886293,3.9448993,0.2320958,12.5349816,1.1822860,-0.0268509,0.1993555,0.2143527,0.2143527,0.0544111,0.0405033,0.0549654,0.0011129,-0.0019203,0.0000065,0.0000002,51,0,1
3.7000000,4.1887287,0.0672080,12.5020732,4.0633571,0.2293291,12.5550614,1.1868712,-0.0284844,0.2022418,0.2116815,0.2116815,0.0559031,0.0407120,0.0551743,0.0012759,-0.0019202,0.0000064,0.0000002,51,0,1
3.8000000,4.3007797,0.0647515,12.5155067,4.1819541,0.2265648,12.5605042,1.1862664,-0.0267671,0.1873115,0.2057374,0.2057374,0.0578100,0.0410351,0.0554977,0.0012489,-0.0019202,0.0000050,0.0000001,52,0,1
3.9000000,4.4127390,0.0620721,12.5289293,4.3004868,0.2238157,12.5790446,1.1843886,-0.0282148,0.1834967,0.2031578,0.2031578,0.0596803,0.0415128,0.0559757,0.0016062,-0.0019202,0.0000048,0.0000001,52,0,1
4,4.5246043,0.0591700,12.5423409,4.3547763,0.0529085,12.5728295,1.1957659,-0.0459831,0.1472674,0.1726566,0.1726566,0.0614159,0.0301624,0.0417869,0.0011183,-0.0014183,0.0000098,-0.0000011,60,0,1
4.1000000,4.6363731,0.0560453,12.5557412,4.4745075,0.0484587,12.5874642,1.1988576,-0.0430126,0.1454271,0.1651193,0.1651193,0.0632799,0.0302709,0.0418976,0.0012233,-0.0014183,0.0000100,-0.0000011,60,0,1
4.2000000,4.7480432,0.0526982,12.5691298,4.5941379,0.0440801,12.5832255,1.1964828,-0.0448649,0.1300500,0.1547895,0.1547895,0.0652387,0.0304540,0.0420828,0.0011500,-0.0014183,0.0000084,-0.0000009,61,0,1
4.3000000,4.8596122,0.0491290,12.5825065,4.7138197,0.0393354,12.5963374,1.1971540,-0.0500298,0.1321876,0.1467742,0.1467742,0.0672748,0.0307515,0.0423825,0.0013995,-0.0014183,0.0000084,-0.0000010,61,0,1
4.4000000,4.9710778,0.0453380,12.5958711,4.8334077,0.0344004,12.5981365,1.1956809,-0.0487957,0.1167441,0.1381224,0.1381224,0.0694252,0.0312036,0.0428367,0.0014045,-0.0014182,0.0000066,-0.0000008,62,0,1
4.5000000,5.0824377,0.0413252,12.6092232,4.9247911,0.0150025,12.6071415,1.1077715,-0.0957803,0.1090098,0.1598426,0.1598426,0.0716287,0.0308079,0.0424372,0.0012308,-0.0014183,0.0000069,-0.0000008,65,0,1
4.6000000,5.1936895,0.0370910,12.6225625,5.0358413,0.0052845,12.6378739,1.1112247,-0.0983509,0.1207253,0.1617471,0.1617471,0.0741403,0.0309433,0.0425729,0.0011119,-0.0014183,0.0000056,-0.0000006,66,0,1
4.7000000,5.3048309,0.0326355,12.6358889,5.1469784,-0.0046009,12.6500327,1.1115173,-0.0993574,0.1224492,0.1628005,0.1628005,0.0769836,0.0311533,0.0427832,0.0012750,-0.0014183,0.0000055,-0.0000006,66,0,1
4.8000000,5.4158596,0.0279591,12.6492020,5.2583362,-0.0146485,12.6618280,1.1156795,-0.1015994,0.1243106,0.1636717,0.1636717,0.0802183,0.0314778,0.0431080,0.0012483,-0.0014183,0.0000044,-0.0000005,67,0,1
4.9000000,5.5267732,0.0230619,12.6625015,5.3700863,-0.0250436,12.6744560,1.1193228,-0.1063037,0.1282488,0.1643407,0.1643407,0.0840551,0.0319568,0.0435874,0.0016057,-0.0014183,0.0000042,-0.0000005,67,0,1
5,5.6375696,0.0179443,12.6757872,5.5402552,0.0571222,12.6986874,1.0805570,-0.0480169,0.1876017,0.1073751,0.1073751,0.0882626,0.0245605,0.0345140,0.0011180,-0.0011086,0.0000090,-0.0000016,75,0,1
5.1000000,5.7482463,0.0126064,12.6890588,5.6481743,0.0519850,12.7174308,1.0778235,-0.0547282,0.1872655,0.1112207,0.1112207,0.0924838,0.0246744,0.0346304,0.0012230,-0.0011086,0.0000092,-0.0000016,75,0,1
5.2000000,5.8588010,0.0070485,12.7023160,5.7561763,0.0464616,12.7628085,1.0786654,-0.0551182,0.2106131,0.1254774,0.1254774,0.0967826,0.0248628,0.0348212,0.0011498,-0.0011086,0.0000077,-0.0000013,76,0,1
5.3000000,5.9692315,0.0012710,12.7155586,5.8638249,0.0408029,12.7837635,1.0743060,-0.0580560,0.2084865,0.1316254,0.1316254,0.1010351,0.0251657,0.0351266,0.0013994,-0.0011085,0.0000077,-0.0000014,76,0,1
5.4000000,6.0795355,-0.0047260,12.7287862,5.9711187,0.0349970,12.8228145,1.0699954,-0.0577840,0.2330686,0.1489075,0.1489075,0.1049665,0.0256231,0.0355864,0.0014044,-0.0011085,0.0000061,-0.0000011,77,0,1
5.5000000,6.1897106,-0.0109422,12.7419987,6.0974745,0.0210311,12.8127753,1.1277138,-0.0868275,0.1049963,0.1205783,0.1205783,0.1086585,0.0252180,0.0351769,0.0012307,-0.0011085,0.0000063,-0.0000011,80,0,1
5.6000000,6.2997546,-0.0173772,12.7551956,6.2098423,0.0123387,12.7990225,1.1219048,-0.0874165,0.0921473,0.1043459,0.1043459,0.1120573,0.0253542,0.0353135,0.0011118,-0.0011085,0.0000052,-0.0000009,81,0,1
5.7000000,6.4096652,-0.0240309,12.7683769,6.3221610,0.0034559,12.8080929,1.1244699,-0.0902402,0.0892614,0.0999494,0.0999494,0.1153904,0.0255649,0.0355246,0.0012749,-0.0011085,0.0000051,-0.0000009,81,0,1
5.8000000,6.5194401,-0.0309028,12.7815421,6.4345690,-0.0055712,12.8024606,1.1246299,-0.0904681,0.0725784,0.0910075,0.0910075,0.1189220,0.0258902,0.0358503,0.0012483,-0.0011085,0.0000040,-0.0000007,82,0,1
5.9000000,6.6290770,-0.0379928,12.7946910,6.5469704,-0.0145209,12.8097670,1.1233974,-0.0885243,0.0735496,0.0867162,0.0867162,0.1225082,0.0263701,0.0363305,0.0016057,-0.0011085,0.0000038,-0.0000007,82,0,1
6,6.7385736,-0.0453005,12.8078233,6.5546337,0.1113592,12.8412151,1.0984886,-0.0339183,0.1670411,0.2439081,0.2439081,0.1262987,0.0209577,0.0297988,0.0011180,-0.0008987,0.0000082,-0.0000020,90,0,1
6.1000000,6.8479278,-0.0528256,12.8209389,6.6645736,0.1077982,12.8581174,1.1003101,-0.0373017,0.1710042,0.2465785,0.2465785,0.1305262,0.0210751,0.0299188,0.0012230,-0.0008987,0.0000083,-0.0000020,90,0,1
6.2000000,6.9571372,-0.0605678,12.8340373,6.7744794,0.1039185,12.8911345,1.0958998,-0.0398210,0.1868812,0.2523483,0.2523483,0.1349000,0.0212669,0.0301132,0.0011498,-0.0008986,0.0000070,-0.0000017,91,0,1
6.3000000,7.0661995,-0.0685267,12.8471184,6.8840320,0.0998576,12.9099078,1.0951512,-0.0413966,0.1885854,0.2558922,0.2558922,0.1392503,0.0215733,0.0304222,0.0013994,-0.0008986,0.0000070,-0.0000017,91,0,1
6.4000000,7.1751125,-0.0767022,12.8601818,6.9933021,0.0955628,12.9155555,1.0912952,-0.0447594,0.1734803,0.2565083,0.2565083,0.1436119,0.0220341,0.0308857,0.0014044,-0.0008986,0.0000055,-0.0000014,92,0,1
6.5000000,7.2838740,-0.0850938,12.8732273,7.1041705,0.0843288,12.9093146,1.0996523,-0.0674238,0.0849946,0.2495990,0.2495990,0.1481659,0.0216228,0.0304697,0.0012307,-0.0008986,0.0000057,-0.0000014,95,0,1
6.6000000,7.3924817,-0.0937012,12.8862546,7.2140383,0.0774266,12.9258134,1.0970314,-0.0704539,0.0895040,0.2503831,0.2503831,0.1529238,0.0217596,0.0306068,0.0011118,-0.0008986,0.0000047,-0.0000012,96,0,1
6.7000000,7.5009334,-0.1025241,12.8992635,7.3237570,0.0703566,12.9349977,1.0973418,-0.0709458,0.0941821,0.2501123,0.2501123,0.1578011,0.0219708,0.0308185,0.0012749,-0.0008986,0.0000046,-0.0000011,96,0,1
6.8000000,7.6092268,-0.1115622,12.9122536,7.4334691,0.0629729,12.9622276,1.0958577,-0.0764687,0.1129738,0.2526869,0.2526869,0.1628513,0.0222966,0.0311447,0.0012483,-0.0008986,0.0000036,-0.0000009,97,0,1
6.9000000,7.7173598,-0.1208150,12.9252248,7.5430242,0.0554645,12.9736166,1.0952442,-0.0736999,0.1148076,0.2526047,0.2526047,0.1679631,0.0227770,0.0316254,0.0016057,-0.0008986,0.0000035,-0.0000009,97,0,1
7,7.8253300,-0.1302823,12.9381767,7.7773395,-0.0602463,12.9708914,1.1268599,-0.0843395,0.1003210,0.0909856,0.0909856,0.1731194,0.0184980,0.0265400,0.0011181,-0.0007491,0.0000074,-0.0000021,105,0,1
7.1000000,7.9331352,-0.1399637,12.9511090,7.8897064,-0.0689515,12.9809813,1.1204772,-0.0897643,0.1014771,0.0884372,0.0884372,0.1781042,0.0186177,0.0266624,0.0012231,-0.0007490,0.0000075,-0.0000022,105,0,1
7.2000000,8.0407733,-0.1498588,12.9640216,8.0018205,-0.0779362,12.9884705,1.1221191,-0.0900218,0.1035471,0.0853693,0.0853693,0.1831426,0.0188119,0.0268594,0.0011499,-0.0007490,0.0000063,-0.0000018,106,0,1
7.3000000,8.1482420,-0.1599673,12.9769141,8.1138722,-0.0871315,12.9988267,1.1189159,-0.0938840,0.1035777,0.0834655,0.0834655,0.1883567,0.0191206,0.0271708,0.0013994,-0.0007490,0.0000063,-0.0000018,106,0,1
7.4000000,8.2555392,-0.1702888,12.9897863,8.2257282,-0.0965600,13.0312967,1.1166338,-0.0942276,0.1298934,0.0897092,0.0897092,0.1934188,0.0195837,0.0276367,0.0014045,-0.0007489,0.0000049,-0.0000014,107,0,1
7.5000000,8.3626625,-0.1808230,13.0026379,8.3116088,-0.1175653,13.0431051,1.0380752,-0.1361573,0.1231035,0.0908054,0.0908054,0.1984581,0.0191683,0.0272163,0.0012307,-0.0007490,0.0000051,-0.0000015,110,0,1
7.6000000,8.4696099,-0.1915694,13.0154687,8.4154578,-0.1314434,13.0397229,1.0400959,-0.1417527,0.1140775,0.0844739,0.0844739,0.2037717,0.0193054,0.0273538,0.0011118,-0.0007490,0.0000042,-0.0000012,111,0,1
7.7000000,8.5763792,-0.2025277,13.0282783,8.5194073,-0.1458287,13.0511256,1.0388924,-0.1459536,0.1139757,0.0835617,0.0835617,0.2093249,0.0195170,0.0275658,0.0012749,-0.0007490,0.0000042,-0.0000012,111,0,1
7.8000000,8.6829681,-0.2136975,13.0410666,8.6232360,-0.1607309,13.0796510,1.0367711,-0.1518238,0.1290495,0.0886687,0.0886687,0.2148660,0.0198431,0.0278924,0.0012483,-0.0007490,0.0000033,-0.0000010,112,0,1
7.9000000,8.7893744,-0.2250783,13.0538332,8.7268512,-0.1757324,13.0925516,1.0355333,-0.1482067,0.1289608,0.0885623,0.0885623,0.2203375,0.0203238,0.0283735,0.0016057,-0.0007490,0.0000031,-0.0000009,112,0,1
8,8.8955961,-0.2366699,13.0665778,8.9435435,-0.1547819,13.0851958,1.0824791,-0.1532428,0.1261603,0.0967018,0.0967018,0.2258398,0.0167382,0.0242117,0.0011181,-0.0006380,0.0000067,-0.0000024,120,0,1
8.1000000,9.0016309,-0.2484718,13.0793003,9.0519701,-0.1702075,13.0975828,1.0860541,-0.1552700,0.1215794,0.0948345,0.0948345,0.2315574,0.0168596,0.0243360,0.0012231,-0.0006380,0.0000068,-0.0000024,120,0,1
8.2000000,9.1074766,-0.2604835,13.0920004,9.1605861,-0.1857744,13.0999616,1.0872378,-0.1564107,0.1134313,0.0920079,0.0920079,0.2375833,0.0170554,0.0245348,0.0011499,-0.0006380,0.0000057,-0.0000020,121,0,1
8.3000000,9.2131312,-0.2727048,13.1046778,9.2691349,-0.2013690,13.1113739,1.0837382,-0.1554814,0.1148165,0.0909398,0.0909398,0.2436799,0.0173657,0.0248481,0.0013995,-0.0006380,0.0000058,-0.0000020,121,0,1
8.4000000,9.3185925,-0.2851351,13.1173321,9.3774659,-0.2170357,13.1252349,1.0827271,-0.1577974,0.1177172,0.0903663,0.0903663,0.2497533,0.0178305,0.0253160,0.0014045,-0.0006380,0.0000045,-0.0000016,122,0,1
8.5000000,9.4238582,-0.2977741,13.1299633,9.4725210,-0.1992800,13.1414479,1.0428513,-0.0620834,0.1305781,0.1104583,0.1104583,0.2559477,0.0174121,0.0248921,0.0012308,-0.0006380,0.0000047,-0.0000017,125,0,1
8.6000000,9.5289264,-0.3106213,13.1425710,9.5765701,-0.2058109,13.1522302,1.0382888,-0.0685913,0.1294548,0.1155354,0.1155354,0.2621499,0.0175494,0.0250299,0.0011119,-0.0006380,0.0000039,-0.0000014,126,0,1
8.7000000,9.6337948,-0.3236762,13.1551549,9.6802414,-0.2126287,13.1651052,1.0351377,-0.0677644,0.1280461,0.1207802,0.1207802,0.2681877,0.0177613,0.0252422,0.0012749,-0.0006380,0.0000038,-0.0000013,126,0,1
8.8000000,9.7384614,-0.3369386,13.1677149,9.7836565,-0.2195024,13.1846305,1.0328245,-0.0695899,0.1290313,0.1269645,0.1269645,0.2740071,0.0180877,0.0255690,0.0012483,-0.0006380,0.0000030,-0.0000011,127,0,1
8.9000000,9.8429239,-0.3504078,13.1802505,9.8871233,-0.2264740,13.1974423,1.0365105,-0.0698419,0.1272065,0.1326979,0.1326979,0.2799332,0.0185686,0.0260504,0.0016057,-0.0006380,0.0000028,-0.0000010,127,0,1
9,9.9471804,-0.3640835,13.1927616,10.0145369,-0.2585851,13.2145103,1.0483316,-0.1055984,0.1598920,0.1270426,0.1270426,0.2861820,0.0154445,0.0224885,0.0011182,-0.0005525,0.0000061,-0.0000026,135,0,1
9.1000000,10.0512286,-0.3779653,13.2052480,10.1191774,-0.2691157,13.2304619,1.0444774,-0.1050132,0.1591403,0.1307709,0.1307709,0.2924166,0.0155670,0.0226142,0.0012232,-0.0005525,0.0000062,-0.0000027,135,0,1
9.2000000,10.1550665,-0.3920526,13.2177093,10.2236303,-0.2797250,13.2514558,1.0441201,-0.1069738,0.1622406,0.1358577,0.1358577,0.2986185,0.0157641,0.0228143,0.0011500,-0.0005525,0.0000052,-0.0000022,136,0,1
9.3000000,10.2586920,-0.4063450,13.2301453,10.3281145,-0.2902935,13.2677979,1.0455633,-0.1043960,0.1646016,0.1403751,0.1403751,0.3050664,0.0160756,0.0231290,0.0013995,-0.0005525,0.0000052,-0.0000022,136,0,1
9.4000000,10.3621031,-0.4208421,13.2425557,10.4328482,-0.3009103,13.2866011,1.0489675,-0.1078779,0.1653785,0.1460428,0.1460428,0.3119295,0.0165416,0.0235981,0.0014045,-0.0005525,0.0000041,-0.0000018,137,0,1
9.5000000,10.4652975,-0.4355434,13.2549404,10.5243691,-0.3282535,13.2953964,1.0043280,-0.1628979,0.1348467,0.1289855,0.1289855,0.3189395,0.0161211,0.0231719,0.0012308,-0.0005525,0.0000042,-0.0000018,140,0,1
9.6000000,10.5682733,-0.4504483,13.2672989,10.6245725,-0.3445363,13.3052392,0.9999747,-0.1628593,0.1348883,0.1258031,0.1258031,0.3257714,0.0162585,0.0233098,0.0011119,-0.0005525,0.0000035,-0.0000015,141,0,1
9.7000000,10.6710284,-0.4655565,13.2796312,10.7245627,-0.3609647,13.3186995,0.9998288,-0.1657091,0.1343176,0.1238212,0.1238212,0.3326293,0.0164706,0.0235223,0.0012750,-0.0005525,0.0000034,-0.0000015,141,0,1
9.8000000,10.7735607,-0.4808675,13.2919368,10.8244303,-0.3775851,13.3424952,0.9970821,-0.1665072,0.1491192,0.1257422,0.1257422,0.3396154,0.0167971,0.0238494,0.0012483,-0.0005525,0.0000027,-0.0000012,142,0,1
9.9000000,10.8758682,-0.4963807,13.3042157,10.9241028,-0.3942273,13.3573487,0.9963675,-0.1663361,0.1479496,0.1248399,0.1248399,0.3466663,0.0172783,0.0243309,0.0016057,-0.0005525,0.0000026,-0.0000011,142,0,1
10,10.9779488,-0.5120957,13.3164674,11.0223033,-0.4277147,13.3361635,0.9476581,-0.0916916,0.1270244,0.0973417,0.0973417,0.3538885,0.0144739,0.0211826,0.0011183,-0.0004828,0.0000055,-0.0000028,150,0,1
10.1000000,11.0798005,-0.5280120,13.3286918,11.1169051,-0.4371590,13.3487674,0.9443791,-0.0971959,0.1250540,0.1001701,0.1001701,0.3612053,0.0145974,0.0213092,0.0012233,-0.0004828,0.0000056,-0.0000028,150,0,1
10.2000000,11.1814213,-0.5441290,13.3408886,11.2112960,-0.4470729,13.3739616,0.9424163,-0.1005611,0.1367056,0.1067998,0.1067998,0.3685446,0.0147954,0.0215104,0.0011500,-0.0004828,0.0000047,-0.0000024,151,0,1
10.3000000,11.2828091,-0.5604464,13.3530576,11.3053380,-0.4574818,13.3879053,0.9384246,-0.1076153,0.1421701,0.1110119,0.1110119,0.3759816,0.0151078,0.0218261,0.0013996,-0.0004828,0.0000047,-0.0000024,151,0,1
10.4000000,11.3839619,-0.5769635,13.3651984,11.3987792,-0.4681449,13.3693187,0.9321087,-0.1065234,0.0964315,0.1099000,0.1099000,0.3832336,0.0155747,0.0222963,0.0014046,-0.0004828,0.0000037,-0.0000019,152,0,1
10.5000000,11.4848777,-0.5936799,13.3773109,11.5066649,-0.5009211,13.3828894,0.9740522,-0.1744996,0.1122962,0.0954463,0.0954463,0.3902399,0.0151525,0.0218682,0.0012308,-0.0004828,0.0000038,-0.0000019,155,0,1
10.6000000,11.5855545,-0.6105950,13.3893949,11.6041057,-0.5186645,13.3955737,0.9746731,-0.1803214,0.1103111,0.0939869,0.0939869,0.3973757,0.0152901,0.0220063,0.0011119,-0.0004828,0.0000031,-0.0000016,156,0,1
10.7000000,11.6859903,-0.6277083,13.4014499,11.7016164,-0.5368764,13.4065064,0.9755424,-0.1839176,0.1083441,0.0923048,0.0923048,0.4048135,0.0155023,0.0222189,0.0012750,-0.0004828,0.0000031,-0.0000016,156,0,1
10.8000000,11.7861831,-0.6450193,13.4134759,11.7991922,-0.5554028,13.4194675,0.9758911,-0.1865690,0.1110178,0.0907538,0.0907538,0.4125538,0.0158290,0.0225461,0.0012483,-0.0004828,0.0000024,-0.0000012,157,0,1
10.9000000,11.8861309,-0.6625275,13.4254725,11.8966367,-0.5743180,13.4307623,0.9729977,-0.1917342,0.1148788,0.0889902,0.0889902,0.4205039,0.0163102,0.0230278,0.0016057,-0.0004828,0.0000023,-0.0000012,157,0,1
11,11.9858318,-0.6802323,13.4374396,12.0677036,-0.5900422,13.4531730,0.9923971,-0.1340066,0.1239689,0.1228201,0.1228201,0.4286902,0.0137316,0.0201804,0.0011183,-0.0004271,0.0000050,-0.0000029,165,0,1
11.1000000,12.0852838,-0.6981331,13.4493768,12.1669576,-0.6035466,13.4655853,0.9926820,-0.1360800,0.1242765,0.1260156,0.1260156,0.4371953,0.0138558,0.0203079,0.0012233,-0.0004271,0.0000050,-0.0000030,165,0,1
11.2000000,12.1844849,-0.7162295,13.4612839,12.2661194,-0.6170882,13.4750538,0.9907700,-0.1348809,0.1215555,0.1291619,0.1291619,0.4458439,0.0140544,0.0205099,0.0011501,-0.0004271,0.0000042,-0.0000025,166,0,1
11.3000000,12.2834332,-0.7345209,13.4731607,12.3651707,-0.6309692,13.4872074,0.9902556,-0.1427398,0.1215169,0.1326698,0.1326698,0.4546511,0.0143675,0.0208264,0.0013996,-0.0004271,0.0000042,-0.0000025,166,0,1
11.4000000,12.3821267,-0.7530068,13.4850069,12.4641438,-0.6453692,13.4967111,0.9893128,-0.1453235,0.1104555,0.1358294,0.1358294,0.4636162,0.0148351,0.0212974,0.0014046,-0.0004271,0.0000033,-0.0000020,167,0,1
11.5000000,12.4805636,-0.7716865,13.4968222,12.5766946,-0.6694888,13.5136201,1.0261202,-0.1751151,0.1304838,0.1413072,0.1413072,0.4724233,0.0144117,0.0208678,0.0012308,-0.0004271,0.0000035,-0.0000021,170,0,1
11.6000000,12.5787418,-0.7905595,13.5086066,12.6792521,-0.6872709,13.5240375,1.0251673,-0.1806095,0.1298167,0.1449447,0.1449447,0.4812020,0.0145494,0.0210060,0.0011119,-0.0004271,0.0000028,-0.0000017,171,0,1
11.7000000,12.6766594,-0.8096253,13.5203596,12.7816921,-0.7053511,13.5370883,1.0236319,-0.1809944,0.1312009,0.1489457,0.1489457,0.4901702,0.0147617,0.0212188,0.0012750,-0.0004271,0.0000028,-0.0000017,171,0,1
11.8000000,12.7743147,-0.8288833,13.5320810,12.8841736,-0.7238000,13.5590531,1.0256954,-0.1878026,0.1460107,0.1543987,0.1543987,0.4995327,0.0150885,0.0215461,0.0012483,-0.0004271,0.0000022,-0.0000013,172,0,1
11.9000000,12.8717055,-0.8483328,13.5437707,12.9866797,-0.7428070,13.5735444,1.0244256,-0.1923358,0.1438169,0.1588749,0.1588749,0.5093075,0.0155698,0.0220279,0.0016057,-0.0004271,0.0000021,-0.0000013,172,0,1
12,12.9688301,-0.8679734,13.5554283,13.0712621,-0.7638689,13.5816202,0.9509979,-0.2125795,0.1460830,0.1483782,0.1483782,0.5191589,0.0131547,0.0194042,0.0011184,-0.0003807,0.0000045,-0.0000032,180,0,1
12.1000000,13.0656866,-0.8878044,13.5670536,13.1661674,-0.7853524,13.5963103,0.9471089,-0.2170919,0.1477189,0.1464540,0.1464540,0.5290038,0.0132794,0.0195323,0.0012234,-0.0003807,0.0000045,-0.0000032,180,0,1
12.2000000,13.1622731,-0.9078253,13.5786464,13.2607851,-0.8071301,13.5970292,0.9461766,-0.2191272,0.1379732,0.1420636,0.1420636,0.5389543,0.0134785,0.0197350,0.0011501,-0.0003807,0.0000038,-0.0000027,181,0,1
12.3000000,13.2585876,-0.9280354,13.5902065,13.3552385,-0.8291531,13.6108969,0.9428906,-0.2213317,0.1393807,0.1398113,0.1398113,0.5490136,0.0137921,0.0200521,0.0013997,-0.0003808,0.0000038,-0.0000027,181,0,1
12.4000000,13.3546284,-0.9484342,13.6017336,13.4494379,-0.8514091,13.6341292,0.9407088,-0.2235098,0.1542157,0.1394711,0.1394711,0.5591294,0.0142602,0.0205238,0.0014046,-0.0003808,0.0000030,-0.0000021,182,0,1
12.5000000,13.4503937,-0.9690211,13.6132274,13.5419783,-0.8507397,13.6434968,0.9360470,-0.1581638,0.1268034,0.1526253,0.1526253,0.5694192,0.0138359,0.0200930,0.0012309,-0.0003807,0.0000031,-0.0000022,185,0,1
12.6000000,13.5458814,-0.9897954,13.6246878,13.6354674,-0.8666187,13.6490140,0.9340584,-0.1596477,0.1204904,0.1542398,0.1542398,0.5798416,0.0139737,0.0202313,0.0011119,-0.0003807,0.0000026,-0.0000018,186,0,1
12.7000000,13.6410899,-1.0107565,13.6361144,13.7286229,-0.8825909,13.6610010,0.9290512,-0.1597967,0.1192505,0.1571871,0.1571871,0.5901527,0.0141860,0.0204442,0.0012750,-0.0003807,0.0000025,-0.0000018,186,0,1
12.8000000,13.7360173,-1.0319039,13.6475071,13.8214657,-0.8985813,13.6547201,0.9283783,-0.1604226,0.0965408,0.1585193,0.1585193,0.6004067,0.0145129,0.0207716,0.0012483,-0.0003807,0.0000020,-0.0000014,187,0,1
12.9000000,13.8306618,-1.0532369,13.6588656,13.9143278,-0.9146957,13.6642392,0.9288650,-0.1618647,0.0938408,0.1619338,0.1619338,0.6108696,0.0149943,0.0212535,0.0016057,-0.0003808,0.0000019,-0.0000014,187,0,1
13,13.9250215,-1.0747549,13.6701898,14.0012098,-0.9499410,13.6796950,0.9701247,-0.1897049,0.1484187,0.1465385,0.1465385,0.6213248,0.0127044,0.0187929,0.0011184,-0.0003411,0.0000040,-0.0000034,195,0,1
13.1000000,14.0190947,-1.0964572,13.6814792,14.0980930,-0.9691594,13.6946655,0.9675394,-0.1946639,0.1509907,0.1503973,0.1503973,0.6317158,0.0128295,0.0189216,0.0012234,-0.0003411,0.0000040,-0.0000034,195,0,1
13.2000000,14.1128795,-1.1183433,13.6927338,14.1946559,-0.9887995,13.7131748,0.9635130,-0.1979630,0.1516804,0.1545536,0.1545536,0.6421390,0.0130290,0.0191247,0.0011501,-0.0003411,0.0000034,-0.0000029,196,0,1
13.3000000,14.2063742,-1.1404125,13.7039533,14.2908944,-1.0087208,13.7282407,0.9612560,-0.2004631,0.1496366,0.1583548,0.1583548,0.6525443,0.0133430,0.0194423,0.0013997,-0.0003411,0.0000034,-0.0000029,196,0,1
13.4000000,14.2995771,-1.1626642,13.7151374,14.3869072,-1.0289023,13.7468819,0.9588559,-0.2030412,0.1515840,0.1628696,0.1628696,0.6629953,0.0138115,0.0199144,0.0014046,-0.0003411,0.0000027,-0.0000023,197,0,1
13.5000000,14.3924863,-1.1850976,13.7262859,14.4793262,-1.0733332,13.7538452,0.9488130,-0.2731990,0.1197449,0.1441942,0.1441942,0.6735658,0.0133864,0.0194828,0.0012309,-0.0003411,0.0000028,-0.0000024,200,0,1
13.6000000,14.4851000,-1.2077122,13.7373987,14.5741457,-1.1004651,13.7630185,0.9476861,-0.2695304,0.1154758,0.1417303,0.1417303,0.6842439,0.0135243,0.0196212,0.0011120,-0.0003411,0.0000023,-0.0000019,201,0,1
13.7000000,14.5774167,-1.2305074,13.7484754,14.6687360,-1.1274433,13.7746013,0.9441181,-0.2700347,0.1161804,0.1401570,0.1401570,0.6948953,0.0137367,0.0198341,0.0012750,-0.0003411,0.0000022,-0.0000019,201,0,1
13.8000000,14.6694344,-1.2534824,13.7595158,14.7632042,-1.1547093,13.7586493,0.9460261,-0.2759510,0.0858507,0.1361971,0.1361971,0.7058114,0.0140636,0.0201616,0.0012483,-0.0003411,0.0000018,-0.0000015,202,0,1
13.9000000,14.7611515,-1.2766366,13.7705197,14.8578225,-1.1824732,13.7671617,0.9463408,-0.2793278,0.0843973,0.1349937,0.1349937,0.7171991,0.0145451,0.0206436,0.0016058,-0.0003411,0.0000017,-0.0000014,202,0,1
14,14.8525662,-1.2999693,13.7814869,14.9243947,-1.2486079,13.8270648,0.9746835,-0.2234701,0.1534875,0.0993714,0.0993714,0.7287353,0.0123488,0.0183075,0.0011185,-0.0003070,0.0000035,-0.0000036,210,0,1
14.1000000,14.9436769,-1.3234800,13.7924172,15.0215481,-1.2709596,13.8424247,0.9683844,-0.2235636,0.1537107,0.1064099,0.1064099,0.7400759,0.0124742,0.0184365,0.0012235,-0.0003070,0.0000036,-0.0000037,210,0,1
14.2000000,15.0344819,-1.3471678,13.8033103,15.1182555,-1.2932692,13.8322678,0.9670859,-0.2239901,0.1342696,0.1037382,0.1037382,0.7513319,0.0126741,0.0186400,0.0011502,-0.0003070,0.0000030,-0.0000031,211,0,1
14.3000000,15.1249793,-1.3710321,13.8141660,15.2147096,-1.3156982,13.8455967,0.9619959,-0.2245899,0.1323081,0.1100057,0.1100057,0.7625527,0.0129884,0.0189580,0.0013997,-0.0003071,0.0000030,-0.0000031,211,0,1
14.4000000,15.2151677,-1.3950723,13.8249841,15.3109912,-1.3381495,13.8467493,0.9640452,-0.2248585,0.1189543,0.1135609,0.1135609,0.7739099,0.0134572,0.0194306,0.0014047,-0.0003071,0.0000023,-0.0000024,212,0,1
14.5000000,15.3050453,-1.4192876,13.8357643,15.3584176,-1.3758936,13.8637319,0.8159739,-0.2748524,0.1361356,0.0742552,0.0742552,0.7857170,0.0130316,0.0189982,0.0012309,-0.0003070,0.0000024,-0.0000025,215,0,1
14.6000000,15.3946104,-1.4436775,13.8465064,15.4398187,-1.4032540,13.8628503,0.8125709,-0.2728936,0.1285226,0.0628091,0.0628091,0.7976660,0.0131695,0.0191366,0.0011120,-0.0003070,0.0000020,-0.0000021,216,0,1
14.7000000,15.4838613,-1.4682411,13.8572103,15.5210654,-1.4305223,13.8756751,0.8123620,-0.2724736,0.1279721,0.0561052,0.0561052,0.8096760,0.0133819,0.0193496,0.0012751,-0.0003070,0.0000020,-0.0000020,216,0,1
14.8000000,15.5727965,-1.4929777,13.8678756,15.6020743,-1.4578906,13.8772801,0.8080880,-0.2751740,0.1106552,0.0466555,0.0466555,0.8217336,0.0137089,0.0196772,0.0012484,-0.0003070,0.0000016,-0.0000016,217,0,1
14.9000000,15.6614144,-1.5178868,13.8785023,15.6828198,-1.4856598,13.8883422,0.8068223,-0.2802098,0.1105869,0.0399199,0.0399199,0.8338640,0.0141904,0.0201592,0.0016058,-0.0003071,0.0000015,-0.0000015,217,0,1
15,15.7497132,-1.5429676,13.8890899,15.8086628,-1.4609042,13.8814527,0.7990897,-0.2438707,0.0930346,0.1013301,0.1013301,0.8458867,0.0120661,0.0179246,0.0011185,-0.0002770,0.0000031,-0.0000038,225,0,1
15.1000000,15.8376913,-1.5682193,13.8996384,15.8885226,-1.4854701,13.8906387,0.7981072,-0.2474472,0.0906857,0.0975308,0.0975308,0.8577840,0.0121917,0.0180539,0.0012235,-0.0002770,0.0000032,-0.0000039,225,0,1
15.2000000,15.9253472,-1.5936413,13.9101475,15.9681591,-1.5102635,13.8807056,0.7954994,-0.2494931,0.0759780,0.0982422,0.0982422,0.8698485,0.0123918,0.0182578,0.0011502,-0.0002770,0.0000027,-0.0000032,226,0,1
15.3000000,16.0126793,-1.6192328,13.9206170,16.0474543,-1.5352809,13.8882277,0.7904062,-0.2508547,0.0744644,0.0964691,0.0964691,0.8818609,0.0127064,0.0185761,0.0013998,-0.0002770,0.0000027,-0.0000033,226,0,1
15.4000000,16.0996860,-1.6449932,13.9310467,16.1262791,-1.5603699,13.8900758,0.7862626,-0.2511373,0.0708598,0.0977082,0.0977082,0.8937450,0.0131755,0.0190490,0.0014047,-0.0002770,0.0000021,-0.0000026,227,0,1
15.5000000,16.1863657,-1.6709216,13.9414363,16.2243900,-1.6028907,13.9070336,0.8460539,-0.3056359,0.1061646,0.0851915,0.0851915,0.9057994,0.0127494,0.0186160,0.0012309,-0.0002770,0.0000022,-0.0000027,230,0,1
15.6000000,16.2727168,-1.6970175,13.9517857,16.3087607,-1.6334424,13.8956708,0.8420708,-0.3062652,0.0970060,0.0921403,0.0921403,0.9180293,0.0128873,0.0187545,0.0011120,-0.0002770,0.0000018,-0.0000022,231,0,1
15.7000000,16.3587378,-1.7232800,13.9620946,16.3929381,-1.6641679,13.9055331,0.8414772,-0.3082453,0.1002398,0.0886741,0.0886741,0.9303854,0.0130998,0.0189675,0.0012751,-0.0002770,0.0000018,-0.0000021,231,0,1
15.8000000,16.4444272,-1.7497084,13.9723628,16.4770704,-1.6951578,13.9339871,0.8407572,-0.3110490,0.1189189,0.0742566,0.0742566,0.9430286,0.0134268,0.0192951,0.0012484,-0.0002770,0.0000014,-0.0000017,232,0,1
15.9000000,16.5297834,-1.7763020,13.9825902,16.5607099,-1.7263916,13.9461238,0.8320323,-0.3136263,0.1238152,0.0691180,0.0691180,0.9555853,0.0139084,0.0197772,0.0016058,-0.0002770,0.0000013,-0.0000016,232,0,1
16,16.6148048,-1.8030600,13.9927764,16.5844519,-1.7701107,13.9723514,0.8342261,-0.2509019,0.1070180,0.0492356,0.0492356,0.9678974,0.0118409,0.0176171,0.0011185,-0.0002507,0.0000027,-0.0000041,240,0,1
16.1000000,16.6994901,-1.8299817,14.0029213,16.6676165,-1.7950276,13.9832916,0.8290662,-0.2474358,0.1117869,0.0512157,0.0512157,0.9800595,0.0119667,0.0177466,0.0012235,-0.0002507,0.0000028,-0.0000041,240,0,1
16.2000000,16.7838376,-1.8570664,14.0130247,16.7504075,-1.8199779,13.9966161,0.8266755,-0.2514522,0.1170860,0.0525583,0.0525583,0.9921944,0.0121670,0.0179507,0.0011502,-0.0002507,0.0000023,-0.0000035,241,0,1
16.3000000,16.8678459,-1.8843132,14.0230864,16.8328937,-1.8452618,14.0084610,0.8230470,-0.2542269,0.1198131,0.0544112,0.0544112,1.0044473,0.0124817,0.0182693,0.0013998,-0.0002507,0.0000023,-0.0000035,241,0,1
16.4000000,16.9515135,-1.9117215,14.0331061,16.9151098,-1.8708670,14.0096319,0.8215549,-0.2582998,0.1056725,0.0595429,0.0595429,1.0168487,0.0129510,0.0187424,0.0014047,-0.0002507,0.0000018,-0.0000027,242,0,1
16.5000000,17.0348389,-1.9392905,14.0430837,17.0059802,-1.9035148,14.0078222,0.8436072,-0.2780534,0.0589440,0.0579319,0.0579319,1.0292659,0.0125246,0.0183090,0.0012309,-0.0002507,0.0000019,-0.0000028,245,0,1
16.6000000,17.1178207,-1.9670193,14.0530189,17.0902633,-1.9312180,14.0251740,0.8417300,-0.2755242,0.0625512,0.0530706,0.0530706,1.0415811,0.0126625,0.0184475,0.0011120,-0.0002507,0.0000016,-0.0000023,246,0,1
16.7000000,17.2004574,-1.9949073,14.0629116,17.1742107,-1.9587587,14.0312897,0.8372191,-0.2752885,0.0597627,0.0547318,0.0547318,1.0538217,0.0128751,0.0186606,0.0012751,-0.0002507,0.0000015,-0.0000023,246,0,1
16.8000000,17.2827476,-2.0229537,14.0727615,17.2577821,-1.9863466,14.0220191,0.8345073,-0.2769195,0.0461041,0.0673658,0.0673658,1.0660336,0.0132021,0.0189882,0.0012484,-0.0002507,0.0000012,-0.0000018,247,0,1
16.9000000,17.3646899,-2.0511577,14.0825685,17.3411380,-2.0140064,14.0266479,0.8326105,-0.2762766,0.0464706,0.0711479,0.0711479,1.0783547,0.0136837,0.0194704,0.0016058,-0.0002507,0.0000011,-0.0000017,247,0,1
17,17.4462828,-2.0795184,14.0923322,17.4171234,-2.0322345,14.0238164,0.7718758,-0.2457717,0.0611841,0.0882069,0.0882069,1.0907008,0.0116607,0.0173706,0.0011185,-0.0002268,0.0000023,-0.0000043,255,0,1
17.1000000,17.5275249,-2.1080353,14.1020526,17.4940806,-2.0567424,14.0299363,0.7672672,-0.2443850,0.0612138,0.0946058,0.0946058,1.1029323,0.0117867,0.0175004,0.0012235,-0.0002268,0.0000024,-0.0000044,255,0,1
17.2000000,17.6084148,-2.1367073,14.1117295,17.5705289,-2.0815166,14.0321605,0.7618393,-0.2513565,0.0606242,0.1039835,0.1039835,1.1150705,0.0119872,0.0177047,0.0011502,-0.0002268,0.0000020,-0.0000037,256,0,1
17.3000000,17.6889512,-2.1655339,14.1213625,17.6465807,-2.1066701,14.0382033,0.7591960,-0.2517138,0.0602326,0.1103433,0.1103433,1.1272315,0.0123021,0.0180235,0.0013998,-0.0002268,0.0000020,-0.0000037,256,0,1
17.4000000,17.7691326,-2.1945141,14.1309516,17.7222833,-2.1319252,14.0489007,0.7547538,-0.2532006,0.0686594,0.1133339,0.1133339,1.1393924,0.0127715,0.0184968,0.0014047,-0.0002269,0.0000016,-0.0000029,257,0,1
17.5000000,17.8489578,-2.2236471,14.1404965,17.8394619,-2.1654272,14.0622539,0.8796034,-0.2802864,0.0902040,0.0979880,0.0979880,1.1516180,0.0123448,0.0180630,0.0012309,-0.0002268,0.0000016,-0.0000030,260,0,1
17.6000000,17.9284253,-2.2529323,14.1499971,17.9273331,-2.1936093,14.0718498,0.8778068,-0.2833280,0.0895773,0.0981194,0.0981194,1.1640401,0.0124828,0.0182015,0.0011120,-0.0002268,0.0000013,-0.0000025,261,0,1
17.7000000,18.0075338,-2.2823687,14.1594531,18.0148916,-2.2222485,14.0807385,0.8733625,-0.2894559,0.0881983,0.0993205,0.0993205,1.1765777,0.0126953,0.0184146,0.0012751,-0.0002268,0.0000013,-0.0000024,261,0,1
17.8000000,18.0862820,-2.3119556,14.1688643,18.1021778,-2.2511341,14.1208734,0.8718342,-0.2872839,0.1180382,0.0790889,0.0790889,1.1891561,0.0130224,0.0187423,0.0012484,-0.0002268,0.0000010,-0.0000019,262,0,1
17.9000000,18.1646685,-2.3416921,14.1782306,18.1893828,-2.2798869,14.1327668,0.8722651,-0.2877711,0.1198299,0.0806080,0.0806080,1.2019569,0.0135040,0.0192245,0.0016058,-0.0002268,0.0000010,-0.0000018,262,0,1
18,18.2426921,-2.3715775,14.1875517,18.2045737,-2.2837820,14.1394510,0.7573056,-0.1976745,0.1242443,0.1071202,0.1071202,1.2149595,0.0115154,0.0171709,0.0011186,-0.0002034,0.0000020,-0.0000045,270,0,1
18.1000000,18.3203515,-2.4016109,14.1968275,18.2801388,-2.3036560,14.1519738,0.7539955,-0.1998046,0.1262128,0.1149960,0.1149960,1.2280071,0.0116415,0.0173008,0.0012236,-0.0002034,0.0000020,-0.0000046,270,0,1
18.2000000,18.3976453,-2.4317915,14.2060578,18.3554807,-2.3238107,14.1644529,0.7528468,-0.2032961,0.1252099,0.1231612,0.1231612,1.2412362,0.0118421,0.0175053,0.0011502,-0.0002034,0.0000017,-0.0000038,271,0,1
18.3000000,18.4745723,-2.4621185,14.2152423,18.4305452,-2.3440792,14.1766950,0.7484426,-0.2020746,0.1196330,0.1317481,0.1317481,1.2545135,0.0121571,0.0178242,0.0013998,-0.0002033,0.0000017,-0.0000039,271,0,1
18.4000000,18.5511313,-2.4925911,14.2243810,18.5053694,-2.3645005,14.1895904,0.7480188,-0.2063011,0.1163223,0.1403984,0.1403984,1.2678630,0.0126266,0.0182977,0.0014047,-0.0002033,0.0000013,-0.0000030,272,0,1
18.5000000,18.6273209,-2.5232083,14.2334735,18.5866424,-2.4041624,14.2069286,0.7653731,-0.2646141,0.1360577,0.1285742,0.1285742,1.2814202,0.0121997,0.0178636,0.0012310,-0.0002034,0.0000014,-0.0000032,275,0,1
18.6000000,18.7031400,-2.5539695,14.2425198,18.6632195,-2.4305143,14.2312378,0.7659515,-0.2619186,0.1387986,0.1302387,0.1302387,1.2951581,0.0123377,0.0180022,0.0011120,-0.0002034,0.0000011,-0.0000026,276,0,1
18.7000000,18.7785873,-2.5848738,14.2515196,18.7399161,-2.4566953,14.2451857,0.7679800,-0.2616999,0.1401599,0.1340347,0.1340347,1.3093037,0.0125503,0.0182153,0.0012751,-0.0002033,0.0000011,-0.0000025,276,0,1
18.8000000,18.8536616,-2.6159202,14.2604727,18.8165375,-2.4829603,14.2573725,0.7644716,-0.2636560,0.1353680,0.1380802,0.1380802,1.3237213,0.0128774,0.0185430,0.0012484,-0.0002033,0.0000009,-0.0000020,277,0,1
18.9000000,18.9283616,-2.6471081,14.2693789,18.8928235,-2.5094804,14.2708096,0.7612486,-0.2667453,0.1333753,0.1421491,0.1421491,1.3381833,0.0133590,0.0190252,0.0016058,-0.0002033,0.0000008,-0.0000019,277,0,1
19,19.0026863,-2.6784364,14.2782382,18.9947202,-2.5193905,14.2446106,0.7760821,-0.3146042,0.0754779,0.1627571,0.1627571,1.3529698,0.0113972,0.0170100,0.0011186,-0.0001811,0.0000016,-0.0000047,285,0,1
19.1000000,19.0766344,-2.7099045,14.2870502,19.0723204,-2.5508692,14.2520422,0.7759207,-0.3149697,0.0731529,0.1628999,0.1628999,1.3681948,0.0115234,0.0171401,0.0012236,-0.0001811,0.0000016,-0.0000048,285,0,1
19.2000000,19.1502047,-2.7415113,14.2958149,19.1495895,-2.5825426,14.2576195,0.7695041,-0.3186223,0.0728834,0.1634941,0.1634941,1.3834834,0.0117240,0.0173447,0.0011503,-0.0001811,0.0000014,-0.0000040,286,0,1
19.3000000,19.2233961,-2.7732562,14.3045319,19.2264005,-2.6146929,14.2649012,0.7667168,-0.3243851,0.0727502,0.1634684,0.1634684,1.3987871,0.0120391,0.0176638,0.0013998,-0.0001810,0.0000014,-0.0000040,286,0,1
19.4000000,19.2962074,-2.8051381,14.3132012,19.3029265,-2.6470894,14.2766547,0.7637339,-0.3233420,0.0784431,0.1623583,0.1623583,1.4142066,0.0125088,0.0181374,0.0014047,-0.0001810,0.0000011,-0.0000032,287,0,1
19.5000000,19.3686375,-2.8371564,14.3218226,19.3511727,-2.6595365,14.2941469,0.6743737,-0.2637190,0.1136559,0.1806095,0.1806095,1.4295660,0.0120817,0.0177030,0.0012310,-0.0001811,0.0000011,-0.0000033,290,0,1
19.6000000,19.4406853,-2.8693100,14.3303959,19.4182568,-2.6861284,14.3272106,0.6669482,-0.2670642,0.1240115,0.1845770,0.1845770,1.4447012,0.0122197,0.0178417,0.0011120,-0.0001811,0.0000009,-0.0000027,291,0,1
19.7000000,19.5123497,-2.9015981,14.3389208,19.4846208,-2.7129839,14.3395178,0.6603327,-0.2700460,0.1221324,0.1906425,0.1906425,1.4595630,0.0124323,0.0180548,0.0012751,-0.0001811,0.0000009,-0.0000026,291,0,1
19.8000000,19.5836295,-2.9340199,14.3473974,19.5505928,-2.7402014,14.3490631,0.6591413,-0.2744027,0.1247022,0.1966210,0.1966210,1.4745009,0.0127594,0.0183825,0.0012484,-0.0001811,0.0000007,-0.0000021,292,0,1
19.9000000,19.6545237,-2.9665745,14.3558252,19.6163440,-2.7678081,14.3618853,0.6558819,-0.2777318,0.1317416,0.2024907,0.2024907,1.4897248,0.0132410,0.0188647,0.0016058,-0.0001810,0.0000007,-0.0000020,292,0,1
20,19.7250311,-2.9992609,14.3642043,19.6694958,-2.7782540,14.3429141,0.7347354,-0.3312600,0.0700433,0.2288701,0.2288701,1.5052432,0.0113007,0.0168800,0.0011186,-0.0001598,0.0000013,-0.0000049,300,0,1
20.1000000,19.7951508,-3.0320784,14.3725343,19.7429991,-2.8114334,14.3499189,0.7353293,-0.3323282,0.0700525,0.2278497,0.2278497,1.5211823,0.0114270,0.0170102,0.0012236,-0.0001598,0.0000013,-0.0000050,300,0,1
20.2000000,19.8648817,-3.0650260,14.3808152,19.8164752,-2.8448472,14.3692495,0.7339631,-0.3350606,0.0817288,0.2257336,0.2257336,1.5374868,0.0116277,0.0172149,0.0011503,-0.0001598,0.0000011,-0.0000042,301,0,1
20.3000000,19.9342227,-3.0981029,14.3890468,19.8897441,-2.8784190,14.3774117,0.7314161,-0.3363765,0.0815149,0.2244431,0.2244431,1.5540086,0.0119429,0.0175341,0.0013999,-0.0001598,0.0000011,-0.0000042,301,0,1
20.4000000,20.0031728,-3.1313081,14.3972289,19.9625258,-2.9122853,14.3841832,0.7242336,-0.3410090,0.0780711,0.2231443,0.2231443,1.5704749,0.0124126,0.0180078,0.0014047,-0.0001597,0.0000008,-0.0000033,302,0,1
20.5000000,20.0717310,-3.1646408,14.4053613,20.0402979,-2.9458587,14.3971630,0.7363841,-0.3405863,0.0973496,0.2211806,0.2211806,1.5867812,0.0119854,0.0175732,0.0012310,-0.0001598,0.0000009,-0.0000034,305,0,1
20.6000000,20.1398963,-3.1981001,14.4134439,20.1137385,-2.9800914,14.4152446,0.7323151,-0.3436294,0.0955054,0.2195797,0.2195797,1.6030362,0.0121234,0.0177119,0.0011120,-0.0001598,0.0000007,-0.0000028,306,0,1
20.7000000,20.2076676,-3.2316851,14.4214764,20.1867452,-3.0145982,14.4247326,0.7278176,-0.3465059,0.0942549,0.2181171,0.2181171,1.6192665,0.0123360,0.0179250,0.0012751,-0.0001598,0.0000007,-0.0000028,306,0,1
20.8000000,20.2750441,-3.2653948,14.4294588,20.2595353,-3.0492225,14.4624500,0.7277317,-0.3449969,0.1293382,0.2192245,0.2192245,1.6356604,0.0126631,0.0182527,0.0012484,-0.0001598,0.0000006,-0.0000022,307,0,1
20.9000000,20.3420247,-3.2992284,14.4373909,20.3323267,-3.0836697,14.4754531,0.7280969,-0.3439455,0.1307238,0.2191081,0.2191081,1.6524186,0.0131448,0.0187350,0.0016058,-0.0001598,0.0000005,-0.0000021,307,0,1
21,20.4086085,-3.3331850,14.4452724,20.3224383,-3.1521310,14.4945113,0.6181107,-0.3277054,0.1527566,0.2064712,0.2064712,1.6692339,0.0112228,0.0167700,0.0011186,-0.0001392,0.0000009,-0.0000051,315,0,1
21.1000000,20.4747945,-3.3672637,14.4531033,20.3841723,-3.1848067,14.5099158,0.6165702,-0.3258103,0.1553339,0.2114961,0.2114961,1.6860112,0.0113492,0.0169003,0.0012237,-0.0001392,0.0000010,-0.0000052,315,0,1
21.2000000,20.5405819,-3.4014635,14.4608834,20.4455265,-3.2174197,14.5230711,0.6105452,-0.3266258,0.1528151,0.2162752,0.2162752,1.7027802,0.0115500,0.0171051,0.0011503,-0.0001391,0.0000008,-0.0000043,316,0,1
21.3000000,20.6059696,-3.4357835,14.4686124,20.5067238,-3.2501223,14.5383827,0.6134017,-0.3274255,0.1534153,0.2217831,0.2217831,1.7197777,0.0118652,0.0174243,0.0013999,-0.0001391,0.0000008,-0.0000044,316,0,1
21.4000000,20.6709568,-3.4702229,14.4762904,20.5679909,-3.2830343,14.5276906,0.6121690,-0.3320921,0.1197114,0.2197352,0.2197352,1.7372942,0.0123350,0.0178981,0.0014048,-0.0001390,0.0000006,-0.0000034,317,0,1
21.5000000,20.7355426,-3.5047807,14.4839170,20.6530665,-3.3273400,14.5399151,0.6802094,-0.3658649,0.1250952,0.2035271,0.2035271,1.7549759,0.0119076,0.0174634,0.0012310,-0.0001391,0.0000006,-0.0000036,320,0,1
21.6000000,20.7997262,-3.5394559,14.4914922,20.7207135,-3.3640110,14.5565494,0.6726896,-0.3673263,0.1236194,0.2031166,0.2031166,1.7724546,0.0120457,0.0176021,0.0011120,-0.0001391,0.0000005,-0.0000029,321,0,1
21.7000000,20.8635065,-3.5742477,14.4990157,20.7878034,-3.4008238,14.5690566,0.6691081,-0.3689306,0.1265246,0.2017735,0.2017735,1.7897969,0.0122583,0.0178152,0.0012751,-0.0001391,0.0000005,-0.0000029,321,0,1
21.8000000,20.9268828,-3.6091551,14.5064875,20.8545306,-3.4377179,14.5321653,0.6657629,-0.3707549,0.0699835,0.1878428,0.1878428,1.8072218,0.0125854,0.0181430,0.0012484,-0.0001391,0.0000004,-0.0000023,322,0,1
21.9000000,20.9898543,-3.6441772,14.5139074,20.9209954,-3.4748749,14.5392355,0.6635331,-0.3723863,0.0714210,0.1845165,0.1845165,1.8247886,0.0130671,0.0186252,0.0016058,-0.0001391,0.0000004,-0.0000022,322,0,1
22,21.0524200,-3.6793131,14.5212751,20.9777562,-3.4689960,14.5361100,0.6748636,-0.3731975,0.0703714,0.2236695,0.2236695,1.8422110,0.0111596,0.0166812,0.0011187,-0.0001191,0.0000006,-0.0000053,330,0,1
22.1000000,21.1145793,-3.7145618,14.5285907,21.0450267,-3.5064915,14.5431551,0.6705469,-0.3767129,0.0705308,0.2198703,0.2198703,1.8594060,0.0112860,0.0168116,0.0012237,-0.0001191,0.0000007,-0.0000055,330,0,1
22.2000000,21.1763312,-3.7499224,14.5358538,21.1120896,-3.5444495,14.5518042,0.6706941,-0.3823098,0.0693248,0.2158715,0.2158715,1.8768700,0.0114868,0.0170164,0.0011503,-0.0001190,0.0000005,-0.0000046,331,0,1
22.3000000,21.2376750,-3.7853940,14.5430644,21.1790608,-3.5826584,14.5584710,0.6687304,-0.3818679,0.0640108,0.2116003,0.2116003,1.8946409,0.0118021,0.0173358,0.0013999,-0.0001190,0.0000005,-0.0000046,331,0,1
22.4000000,21.2986098,-3.8209755,14.5502224,21.2459467,-3.6208912,14.5549394,0.6690484,-0.3833029,0.0522885,0.2069527,0.2069527,1.9127004,0.0122719,0.0178096,0.0014048,-0.0001189,0.0000004,-0.0000036,332,0,1
22.5000000,21.3591351,-3.8566661,14.5573275,21.3144178,-3.6401725,14.5499567,0.6712337,-0.3260299,0.0148891,0.2211865,0.2211865,1.9310388,0.0118445,0.0173748,0.0012310,-0.0001190,0.0000004,-0.0000037,335,0,1
22.6000000,21.4192498,-3.8924649,14.5643796,21.3813391,-3.6730790,14.5669614,0.6670897,-0.3312396,0.0230291,0.2226523,0.2226523,1.9494767,0.0119825,0.0175134,0.0011120,-0.0001190,0.0000004,-0.0000031,336,0,1
22.7000000,21.4789534,-3.9283708,14.5713786,21.4478666,-3.7062811,14.5693276,0.6634613,-0.3328023,0.0242943,0.2242642,0.2242642,1.9680045,0.0121951,0.0177266,0.0012751,-0.0001190,0.0000004,-0.0000030,336,0,1
22.8000000,21.5382451,-3.9643829,14.5783243,21.5140841,-3.7394577,14.5684226,0.6609039,-0.3308574,0.0203779,0.2264357,0.2264357,1.9866130,0.0125223,0.0180544,0.0012484,-0.0001190,0.0000003,-0.0000024,337,0,1
22.9000000,21.5971242,-4.0005002,14.5852167,21.5798911,-3.7724450,14.5702681,0.6552360,-0.3288891,0.0165326,0.2291934,0.2291934,2.0051346,0.0130039,0.0185366,0.0016058,-0.0001190,0.0000003,-0.0000023,337,0,1
23,21.6555900,-4.0367219,14.5920554,21.6069490,-3.8511092,14.5763656,0.5861805,-0.3321764,0.0321337,0.1925206,0.1925206,2.0233642,0.0111089,0.0166076,0.0011187,-0.0000991,0.0000003,-0.0000056,345,0,1
23.1000000,21.7136417,-4.0730468,14.5988405,21.6655199,-3.8843775,14.5796873,0.5852371,-0.3331906,0.0342998,0.1956494,0.1956494,2.0415990,0.0112353,0.0167380,0.0012237,-0.0000990,0.0000003,-0.0000057,345,0,1
23.2000000,21.7712787,-4.1094742,14.6055717,21.7239388,-3.9180715,14.5936457,0.5830886,-0.3398127,0.0426737,0.1975305,0.1975305,2.0601696,0.0114362,0.0169429,0.0011503,-0.0000989,0.0000003,-0.0000048,346,0,1
23.3000000,21.8285003,-4.1460030,14.6122490,21.7820556,-3.9521962,14.5980395,0.5792477,-0.3426807,0.0452015,0.1998002,0.1998002,2.0789621,0.0117516,0.0172623,0.0013999,-0.0000989,0.0000003,-0.0000048,346,0,1
23.4000000,21.8853059,-4.1826322,14.6188721,21.8400000,-3.9865307,14.5858469,0.5796913,-0.3449051,0.0207463,0.2039585,0.2039585,2.0980398,0.0122214,0.0177362,0.0014048,-0.0000988,0.0000002,-0.0000038,347,0,1
23.5000000,21.9416949,-4.2193609,14.6254410,21.8915895,-4.0516462,14.5945080,0.5532246,-0.4408404,0.0436487,0.1777516,0.1777516,2.1171748,0.0117939,0.0173013,0.0012310,-0.0000989,0.0000002,-0.0000039,350,0,1
23.6000000,21.9976665,-4.2561881,14.6319556,21.9468248,-4.0956041,14.6101946,0.5514429,-0.4376730,0.0539698,0.1698400,0.1698400,2.1362297,0.0119319,0.0174399,0.0011121,-0.0000989,0.0000002,-0.0000032,351,0,1
23.7000000,22.0532202,-4.2931128,14.6384155,22.0018958,-4.1392387,14.6153782,0.5499785,-0.4350192,0.0497012,0.1638357,0.1638357,2.1554434,0.0121445,0.0176531,0.0012751,-0.0000989,0.0000002,-0.0000032,351,0,1
23.8000000,22.1083554,-4.3301341,14.6448209,22.0567359,-4.1828140,14.6165801,0.5468317,-0.4366298,0.0410853,0.1586358,0.1586358,2.1747580,0.0124717,0.0179808,0.0012484,-0.0000989,0.0000001,-0.0000025,352,0,1
23.9000000,22.1630715,-4.3672509,14.6511714,22.1109936,-4.2268194,14.6206173,0.5383211,-0.4434775,0.0396578,0.1528616,0.1528616,2.1939671,0.0129533,0.0184631,0.0016058,-0.0000989,0.0000001,-0.0000024,352,0,1
24,22.2173680,-4.4044623,14.6574671,22.1990452,-4.2625375,14.6355945,0.6034378,-0.3700457,0.0558957,0.1447646,0.1447646,2.2130394,0.0110673,0.0165476,0.0011187,-0.0000792,0.0000001,-0.0000059,360,0,1
24.1000000,22.2712441,-4.4417674,14.6637077,22.2590944,-4.2997031,14.6410657,0.5975451,-0.3732667,0.0535285,0.1443695,0.1443695,2.2320522,0.0111937,0.0166781,0.0012237,-0.0000792,0.0000001,-0.0000060,360,0,1
24.2000000,22.3246995,-4.4791651,14.6698931,22.3185469,-4.3371356,14.6677411,0.5914850,-0.3735308,0.0744807,0.1421790,0.1421790,2.2509296,0.0113947,0.0168830,0.0011503,-0.0000791,0.0000001,-0.0000050,361,0,1
24.3000000,22.3777335,-4.5166544,14.6760232,22.3773323,-4.3744696,14.6750385,0.5842249,-0.3731491,0.0714672,0.1421888,0.1421888,2.2695588,0.0117101,0.0172025,0.0013999,-0.0000790,0.0000000,-0.0000051,361,0,1
24.4000000,22.4303456,-4.5542344,14.6820979,22.4354631,-4.4117130,14.6857347,0.5783879,-0.3715095,0.0735674,0.1426596,0.1426596,2.2878894,0.0121799,0.0176764,0.0014048,-0.0000789,0.0000000,-0.0000040,362,0,1
24.5000000,22.4825354,-4.5919040,14.6881170,22.5025822,-4.4675935,14.6775059,0.6022036,-0.4270093,0.0151615,0.1263629,0.1263629,2.3060381,0.0117524,0.0172414,0.0012310,-0.0000791,0.0000000,-0.0000041,365,0,1
24.6000000,22.5343022,-4.6296623,14.6940804,22.5627048,-4.5105655,14.7225832,0.6002230,-0.4297681,0.0391973,0.1257106,0.1257106,2.3242652,0.0118904,0.0173801,0.0011121,-0.0000791,0.0000000,-0.0000034,366,0,1
24.7000000,22.5856458,-4.6675083,14.6999881,22.6225761,-4.5536600,14.7265567,0.5972043,-0.4321222,0.0402732,0.1226017,0.1226017,2.3427171,0.0121030,0.0175933,0.0012751,-0.0000790,0.0000000,-0.0000033,366,0,1
24.8000000,22.6365654,-4.7054409,14.7058398,22.6823079,-4.5969243,14.7283078,0.5974318,-0.4332491,0.0332708,0.1198877,0.1198877,2.3614500,0.0124302,0.0179210,0.0012484,-0.0000790,0.0000000,-0.0000026,367,0,1
24.9000000,22.6870608,-4.7434593,14.7116355,22.7418279,-4.6402455,14.7317457,0.5929676,-0.4331763,0.0354872,0.1185619,0.1185619,2.3803714,0.0129118,0.0184033,0.0016058,-0.0000790,0.0000000,-0.0000025,367,0,1
25,22.7371314,-4.7815623,14.7173750,22.7210716,-4.7792171,14.7303305,0.4439303,-0.4102998,0.0679655,0.0207669,0.0207669,2.3993085,0.0110336,0.0164961,0.0011187,-0.0000595,-0.0000002,-0.0000062,375,0,1
25.1000000,22.7867769,-4.8197489,14.7230582,22.7652051,-4.8204510,14.7372192,0.4387401,-0.4143790,0.0698086,0.0258141,0.0258141,2.4182769,0.0111601,0.0166265,0.0012237,-0.0000594,-0.0000002,-0.0000064,375,0,1
25.2000000,22.8359967,-4.8580183,14.7286850,22.8089742,-4.8621189,14.7636977,0.4367054,-0.4171768,0.0861182,0.0444176,0.0444176,2.4373927,0.0113610,0.0168315,0.0011503,-0.0000593,-0.0000002,-0.0000053,376,0,1
25.3000000,22.8847905,-4.8963693,14.7342553,22.8525759,-4.9039864,14.7723679,0.4353285,-0.4201731,0.0872848,0.0504814,0.0504814,2.4568226,0.0116764,0.0171509,0.0013999,-0.0000592,-0.0000002,-0.0000054,376,0,1
25.4000000,22.9331579,-4.9348010,14.7397690,22.8959685,-4.9459870,14.7803830,0.4325209,-0.4198768,0.0847695,0.0561933,0.0561933,2.4764792,0.0121463,0.0176249,0.0014048,-0.0000591,-0.0000002,-0.0000042,377,0,1
25.5000000,22.9810985,-4.9733123,14.7452259,22.9331738,-4.9715562,14.7911376,0.4102989,-0.3702105,0.0949434,0.0663909,0.0663909,2.4961711,0.0117187,0.0171899,0.0012310,-0.0000593,-0.0000002,-0.0000044,380,0,1
25.6000000,23.0286120,-5.0119022,14.7506259,22.9740905,-5.0086880,14.7690588,0.4079637,-0.3744657,0.0777198,0.0576428,0.0576428,2.5159875,0.0118568,0.0173286,0.0011121,-0.0000593,-0.0000001,-0.0000036,381,0,1
25.7000000,23.0756980,-5.0505698,14.7559690,23.0147292,-5.0459568,14.7768163,0.4048100,-0.3709102,0.0774308,0.0645994,0.0645994,2.5359449,0.0120694,0.0175418,0.0012751,-0.0000593,-0.0000001,-0.0000035,381,0,1
25.8000000,23.1223561,-5.0893140,14.7612550,23.0552366,-5.0832867,14.8042167,0.4053688,-0.3748101,0.1004117,0.0799191,0.0799191,2.5561859,0.0123965,0.0178695,0.0012484,-0.0000593,-0.0000001,-0.0000028,382,0,1
25.9000000,23.1685860,-5.1281337,14.7664838,23.0953149,-5.1206985,14.8140420,0.3961975,-0.3734269,0.0960929,0.0876682,0.0876682,2.5764260,0.0128782,0.0183518,0.0016058,-0.0000592,-0.0000001,-0.0000027,382,0,1
26,23.2143874,-5.1670281,14.7716553,23.1935258,-5.1484196,14.8124744,0.4677562,-0.4207322,0.1150899,0.0494741,0.0494741,2.5962925,0.0110055,0.0164537,0.0011187,-0.0000394,-0.0000004,-0.0000065,390,0,1
26.1000000,23.2597600,-5.2059959,14.7767694,23.2403332,-5.1904958,14.8238324,0.4683925,-0.4207922,0.1120687,0.0532219,0.0532219,2.6162828,0.0111320,0.0165842,0.0012237,-0.0000393,-0.0000005,-0.0000067,390,0,1
26.2000000,23.3047035,-5.2450363,14.7818260,23.2869962,-5.2327845,14.8332482,0.4648551,-0.4251533,0.1100611,0.0557485,0.0557485,2.6365693,0.0113330,0.0167892,0.0011504,-0.0000392,-0.0000004,-0.0000056,391,0,1
26.3000000,23.3492177,-5.2841482,14.7868250,23.3332661,-5.2755396,14.8440084,0.4605434,-0.4299494,0.1051422,0.0599875,0.0599875,2.6569639,0.0116485,0.0171087,0.0013999,-0.0000390,-0.0000004,-0.0000056,391,0,1
26.4000000,23.3933022,-5.3233306,14.7917663,23.3790240,-5.3185014,14.8725504,0.4546929,-0.4281593,0.1312928,0.0821782,0.0821782,2.6772925,0.0121184,0.0175827,0.0014048,-0.0000389,-0.0000003,-0.0000044,392,0,1
26.5000000,23.4369569,-5.3625825,14.7966497,23.4417227,-5.3517805,14.8656319,0.5017318,-0.3984065,0.0581900,0.0699852,0.0699852,2.6974415,0.0116907,0.0171476,0.0012310,-0.0000391,-0.0000003,-0.0000046,395,0,1
26.6000000,23.4801814,-5.4019027,14.8014752,23.4917525,-5.3916935,14.8634428,0.4988282,-0.4003900,0.0522446,0.0638600,0.0638600,2.7175800,0.0118288,0.0172862,0.0011121,-0.0000391,-0.0000003,-0.0000038,396,0,1
26.7000000,23.5229756,-5.4412903,14.8062427,23.5416416,-5.4319289,14.8688743,0.4989529,-0.4043177,0.0563864,0.0660210,0.0660210,2.7380789,0.0120414,0.0174995,0.0012751,-0.0000391,-0.0000003,-0.0000037,396,0,1
26.8000000,23.5653392,-5.4807443,14.8109521,23.5912285,-5.4724914,14.8587398,0.4927348,-0.4076611,0.0343366,0.0549730,0.0549730,2.7587790,0.0123686,0.0178272,0.0012484,-0.0000391,-0.0000002,-0.0000029,397,0,1
26.9000000,23.6072721,-5.5202637,14.8156032,23.6404015,-5.5129926,14.8622682,0.4907256,-0.4023628,0.0362309,0.0576892,0.0576892,2.7794465,0.0128502,0.0183095,0.0016058,-0.0000391,-0.0000002,-0.0000028,397,0,1
27,23.6487741,-5.5598473,14.8201961,23.6492245,-5.6055179,14.8559511,0.4123522,-0.4116408,-0.0035332,0.0580037,0.0580037,2.8005411,0.0109834,0.0164170,0.0011187,-0.0000193,-0.0000007,-0.0000069,405,0,1
27.1000000,23.6898450,-5.5994941,14.8247305,23.6902158,-5.6466127,14.8554764,0.4074741,-0.4102552,-0.0059600,0.0562637,0.0562637,2.8219496,0.0111099,0.0165475,0.0012237,-0.0000191,-0.0000007,-0.0000070,405,0,1
27.2000000,23.7304846,-5.6392032,14.8292064,23.7307259,-5.6877037,14.8312232,0.4024817,-0.4139730,-0.0248531,0.0485430,0.0485430,2.8433078,0.0113109,0.0167525,0.0011504,-0.0000190,-0.0000006,-0.0000059,406,0,1
27.3000000,23.7706928,-5.6789735,14.8336238,23.7710094,-5.7292716,14.8286197,0.4031892,-0.4173858,-0.0272183,0.0505474,0.0505474,2.8649463,0.0116264,0.0170720,0.0013999,-0.0000189,-0.0000006,-0.0000059,406,0,1
27.4000000,23.8104695,-5.7188039,14.8379824,23.8112272,-5.7710142,14.8328564,0.4012163,-0.4169972,-0.0209705,0.0524669,0.0524669,2.8869334,0.0120963,0.0175461,0.0014048,-0.0000187,-0.0000005,-0.0000046,407,0,1
27.5000000,23.8498145,-5.7586934,14.8422823,23.8823392,-5.7993187,14.8500609,0.4897749,-0.3750125,0.0508758,0.0526192,0.0526192,2.9088838,0.0116686,0.0171109,0.0012310,-0.0000190,-0.0000005,-0.0000048,410,0,1
27.6000000,23.8887278,-5.7986409,14.8465233,23.9309904,-5.8368622,14.8544553,0.4832446,-0.3759039,0.0496995,0.0575319,0.0575319,2.9306120,0.0118067,0.0172496,0.0011121,-0.0000190,-0.0000004,-0.0000039,411,0,1
27.7000000,23.9272093,-5.8386454,14.8507053,23.9790254,-5.8745281,14.8594812,0.4774556,-0.3774145,0.0508181,0.0636357,0.0636357,2.9521896,0.0120193,0.0174628,0.0012751,-0.0000189,-0.0000004,-0.0000039,411,0,1
27.8000000,23.9652588,-5.8787060,14.8548283,24.0266163,-5.9123448,14.8745133,0.4744123,-0.3784207,0.0586356,0.0726898,0.0726898,2.9737691,0.0123465,0.0177906,0.0012484,-0.0000189,-0.0000003,-0.0000031,412,0,1
27.9000000,24.0028764,-5.9188214,14.8588922,24.0736993,-5.9502938,14.8806228,0.4672477,-0.3805583,0.0635548,0.0804898,0.0804898,2.9953169,0.0128281,0.0182728,0.0016058,-0.0000189,-0.0000003,-0.0000029,412,0,1
28,24.0400620,-5.9589907,14.8628969,24.1481444,-6.0086362,14.8623934,0.4349458,-0.3796742,0.0007184,0.1189401,0.1189401,3.0165698,0.0109656,0.0163873,0.0011187,0.0000010,-0.0000009,-0.0000072,420,0,1
28.1000000,24.0768154,-5.9992128,14.8668423,24.1915070,-6.0466279,14.8623619,0.4323069,-0.3801599,-0.0013480,0.1241871,0.1241871,3.0376804,0.0110922,0.0165178,0.0012237,0.0000012,-0.0000010,-0.0000073,420,0,1
28.2000000,24.1131368,-6.0394866,14.8707283,24.2346259,-6.0847609,14.8742714,0.4302386,-0.3812186,0.0089824,0.1296993,0.1296993,3.0589844,0.0112932,0.0167229,0.0011504,0.0000013,-0.0000008,-0.0000061,421,0,1
28.3000000,24.1490261,-6.0798112,14.8745548,24.2773308,-6.1228380,14.8750006,0.4238585,-0.3803235,0.0056016,0.1353277,0.1353277,3.0802768,0.0116087,0.0170424,0.0013999,0.0000015,-0.0000008,-0.0000062,421,0,1
28.4000000,24.1844833,-6.1201855,14.8783219,24.3194208,-6.1609164,14.8768084,0.4179525,-0.3811676,0.0096681,0.1409590,0.1409590,3.1013838,0.0120786,0.0175165,0.0014048,0.0000016,-0.0000006,-0.0000049,422,0,1
28.5000000,24.2195085,-6.1606083,14.8820293,24.3395399,-6.2323637,14.8886254,0.3508888,-0.4803880,0.0494527,0.1399996,0.1399996,3.1225363,0.0116509,0.0170813,0.0012310,0.0000014,-0.0000007,-0.0000050,425,0,1
28.6000000,24.2541015,-6.2010788,14.8856770,24.3744787,-6.2804820,14.8730746,0.3476862,-0.4835129,0.0405241,0.1447562,0.1447562,3.1438916,0.0117890,0.0172200,0.0011121,0.0000014,-0.0000005,-0.0000041,426,0,1
28.7000000,24.2882626,-6.2415957,14.8892650,24.4090767,-6.3291183,14.8771664,0.3442741,-0.4892131,0.0413107,0.1496752,0.1496752,3.1654743,0.0120016,0.0174332,0.0012751,0.0000014,-0.0000005,-0.0000041,426,0,1
28.8000000,24.3219917,-6.2821580,14.8927931,24.4433320,-6.3779383,14.8692037,0.3407496,-0.4878106,0.0283996,0.1563771,0.1563771,3.1872000,0.0123287,0.0177609,0.0012484,0.0000014,-0.0000004,-0.0000032,427,0,1
28.9000000,24.3552890,-6.3227647,14.8962613,24.4773681,-6.4267861,14.8719388,0.3399718,-0.4891450,0.0263017,0.1622200,0.1622200,3.2091195,0.0128104,0.0182432,0.0016058,0.0000014,-0.0000004,-0.0000031,427,0,1
29,24.3881545,-6.3634148,14.8996696,24.5291650,-6.3812937,14.8905587,0.3331432,-0.3564561,-0.0007367,0.1424311,0.1424311,3.2313342,0.0109515,0.0163624,0.0011187,0.0000215,-0.0000012,-0.0000075,435,0,1
29.1000000,24.4205882,-6.4041071,14.9030177,24.5623307,-6.4169307,14.8903353,0.3301714,-0.3562835,-0.0037313,0.1428853,0.1428853,3.2537137,0.0110780,0.0164930,0.0012237,0.0000216,-0.0000012,-0.0000077,435,0,1
29.2000000,24.4525904,-6.4448406,14.9063058,24.5950993,-6.4528302,14.9060978,0.3254775,-0.3599145,0.0111343,0.1427328,0.1427328,3.2761751,0.0112791,0.0166980,0.0011504,0.0000218,-0.0000010,-0.0000064,436,0,1
29.3000000,24.4841611,-6.4856142,14.9095337,24.6273455,-6.4888146,14.9072790,0.3194467,-0.3597722,0.0124910,0.1432379,0.1432379,3.2986002,0.0115946,0.0170176,0.0013999,0.0000220,-0.0000010,-0.0000065,436,0,1
29.4000000,24.5153005,-6.5264269,14.9127013,24.6591050,-6.5247172,14.9076024,0.3157335,-0.3583498,0.0115987,0.1439050,0.1439050,3.3209606,0.0120645,0.0174916,0.0014048,0.0000221,-0.0000008,-0.0000051,437,0,1
29.5000000,24.5460087,-6.5672776,14.9158086,24.6891447,-6.5577716,14.9044137,0.3063649,-0.3505288,-0.0053005,0.1439031,0.1439031,3.3432754,0.0116368,0.0170564,0.0012310,0.0000218,-0.0000008,-0.0000053,440,0,1
29.6000000,24.5762859,-6.6081653,14.9188555,24.7197846,-6.5928193,14.9015941,0.3064076,-0.3505928,-0.0092329,0.1453455,0.1453455,3.3657237,0.0117749,0.0171951,0.0011121,0.0000219,-0.0000007,-0.0000043,441,0,1
29.7000000,24.6061323,-6.6490888,14.9218420,24.7503572,-6.6280126,14.9007763,0.3050441,-0.3532735,-0.0071230,0.1472711,0.1472711,3.3885519,0.0119875,0.0174083,0.0012751,0.0000219,-0.0000007,-0.0000043,441,0,1
29.8000000,24.6355480,-6.6900472,14.9247680,24.7805077,-6.6634231,14.9173536,0.2981118,-0.3540002,0.0111646,0.1475707,0.1475707,3.4114472,0.0123146,0.0177361,0.0012484,0.0000219,-0.0000005,-0.0000034,442,0,1
29.9000000,24.6645333,-6.7310393,14.9276334,24.8100818,-6.6988682,14.9187371,0.2933691,-0.3549011,0.0165061,0.1493267,0.1493267,3.4342454,0.0127963,0.0182184,0.0016058,0.0000219,-0.0000005,-0.0000032,442,0,1
30,24.6930884,-6.7720641,14.9304381,24.8130804,-6.8612088,14.9196642,0.2940202,-0.4360019,0.0528427,0.1498698,0.1498698,3.4571543,0.0109412,0.0163390,0.0011187,0.0000412,-0.0000014,-0.0000078,450,0,1
30.1000000,24.7212134,-6.8131204,14.9331822,24.8422909,-6.9046853,14.9250731,0.2901899,-0.4335271,0.0553362,0.1520186,0.1520186,3.4801538,0.0110678,0.0164695,0.0012237,0.0000414,-0.0000014,-0.0000080,450,0,1
30.2000000,24.7489087,-6.8542074,14.9358656,24.8712334,-6.9477815,14.9261723,0.2885717,-0.4289007,0.0496841,0.1543160,0.1543160,3.5032113,0.0112688,0.0166746,0.0011504,0.0000416,-0.0000012,-0.0000067,451,0,1
30.3000000,24.7761745,-6.8953237,14.9384881,24.8997587,-6.9907139,14.9312080,0.2819326,-0.4297478,0.0510309,0.1562860,0.1562860,3.5262298,0.0115843,0.0169941,0.0013999,0.0000417,-0.0000012,-0.0000067,451,0,1
30.4000000,24.8030111,-6.9364685,14.9410498,24.9280236,-7.0338210,14.9629150,0.2837201,-0.4303924,0.0874445,0.1599491,0.1599491,3.5494589,0.0120543,0.0174682,0.0014048,0.0000419,-0.0000009,-0.0000053,452,0,1
30.5000000,24.8294188,-6.9776406,14.9435506,24.9401432,-7.0534717,14.9495570,0.2291637,-0.3631274,0.0013372,0.1343367,0.1343367,3.5729155,0.0116265,0.0170330,0.0012311,0.0000416,-0.0000010,-0.0000055,455,0,1
30.6000000,24.8553977,-7.0188390,14.9459904,24.9627667,-7.0898192,14.9479696,0.2232820,-0.3639536,-0.0012724,0.1287252,0.1287252,3.5962226,0.0117646,0.0171717,0.0011121,0.0000416,-0.0000008,-0.0000045,456,0,1
30.7000000,24.8809484,-7.0600625,14.9483692,24.9850338,-7.1262037,14.9476406,0.2220604,-0.3637367,-0.0053071,0.1233246,0.1233246,3.6195718,0.0119772,0.0173849,0.0012751,0.0000416,-0.0000008,-0.0000044,456,0,1
30.8000000,24.9060710,-7.1013102,14.9506869,25.0068658,-7.1628248,14.9636518,0.2147408,-0.3677754,0.0197002,0.1187928,0.1187928,3.6429956,0.0123044,0.0177126,0.0012484,0.0000417,-0.0000006,-0.0000035,457,0,1
30.9000000,24.9307660,-7.1425809,14.9529436,25.0280071,-7.1996376,14.9656873,0.2080856,-0.3684802,0.0210099,0.1134624,0.1134624,3.6662834,0.0127861,0.0181949,0.0016058,0.0000417,-0.0000006,-0.0000033,457,0,1
31,24.9550336,-7.1838735,14.9551391,24.9843487,-7.2049085,14.9467649,0.2156637,-0.4170461,-0.0594371,0.0370401,0.0370401,3.6894927,0.0109313,0.0163228,0.0011187,0.0000595,-0.0000015,-0.0000082,465,0,1
31.1000000,24.9788742,-7.2251870,14.9572734,25.0057400,-7.2465337,14.9405785,0.2121632,-0.4154575,-0.0642903,0.0381598,0.0381598,3.7127014,0.0110579,0.0164534,0.0012237,0.0000597,-0.0000016,-0.0000084,465,0,1
31.2000000,25.0022883,-7.2665203,14.9593464,25.0265216,-7.2882209,14.9485556,0.2037953,-0.4165256,-0.0534083,0.0342725,0.0342725,3.7357095,0.0112589,0.0166584,0.0011504,0.0000598,-0.0000013,-0.0000070,466,0,1
31.3000000,25.0252761,-7.3078724,14.9613582,25.0468126,-7.3299704,14.9431587,0.2020259,-0.4184642,-0.0545293,0.0358240,0.0358240,3.7586725,0.0115745,0.0169780,0.0014000,0.0000600,-0.0000013,-0.0000071,466,0,1
31.4000000,25.0478382,-7.3492421,14.9633087,25.0668201,-7.3717199,14.9421543,0.1981931,-0.4161526,-0.0540415,0.0362363,0.0362363,3.7817262,0.0120445,0.0174521,0.0014048,0.0000602,-0.0000010,-0.0000055,467,0,1
31.5000000,25.0699748,-7.3906284,14.9651977,25.0735750,-7.4210906,14.9314308,0.1529311,-0.4418389,-0.0733606,0.0456192,0.0456192,3.8046561,0.0116167,0.0170169,0.0012311,0.0000599,-0.0000011,-0.0000058,470,0,1
31.6000000,25.0916865,-7.4320302,14.9670254,25.0887892,-7.4654671,14.9359385,0.1515394,-0.4446856,-0.0666260,0.0457473,0.0457473,3.8276917,0.0117548,0.0171555,0.0011121,0.0000599,-0.0000009,-0.0000047,471,0,1
31.7000000,25.1129737,-7.4734464,14.9687917,25.1035959,-7.5100705,14.9292677,0.1445956,-0.4473815,-0.0667893,0.0546937,0.0546937,3.8508177,0.0119674,0.0173688,0.0012751,0.0000599,-0.0000009,-0.0000046,471,0,1
31.8000000,25.1338368,-7.5148760,14.9704964,25.1176595,-7.5546988,14.9370540,0.1368342,-0.4443399,-0.0483138,0.0544605,0.0544605,3.8736649,0.0122945,0.0176965,0.0012484,0.0000599,-0.0000007,-0.0000037,472,0,1
31.9000000,25.1542763,-7.5563178,14.9721396,25.1311884,-7.5990977,14.9321001,0.1337432,-0.4436393,-0.0507634,0.0629788,0.0629788,3.8963541,0.0127762,0.0181788,0.0016058,0.0000600,-0.0000007,-0.0000035,472,0,1
32,25.1742927,-7.5977708,14.9737213,25.2626375,-7.6776050,14.9600513,0.2152466,-0.4532962,0.0122416,0.1198547,0.1198547,3.9191237,0.0109239,0.0163087,0.0011187,0.0000770,-0.0000016,-0.0000085,480,0,1
32.1000000,25.1938865,-7.6392340,14.9752414,25.2840649,-7.7229060,14.9611516,0.2133012,-0.4527238,0.0097646,0.1238211,0.1238211,3.9420294,0.0110504,0.0164393,0.0012237,0.0000771,-0.0000017,-0.0000087,480,0,1
32.2000000,25.2130581,-7.6807061,14.9766999,25.3052174,-7.7682926,14.9533216,0.2095328,-0.4561219,0.0021758,0.1292721,0.1292721,3.9650912,0.0112515,0.0166444,0.0011504,0.0000773,-0.0000014,-0.0000073,481,0,1
32.3000000,25.2318081,-7.7221863,14.9780968,25.3259036,-7.8140153,14.9535744,0.2041922,-0.4583323,0.0028789,0.1337456,0.1337456,3.9882080,0.0115670,0.0169640,0.0014000,0.0000775,-0.0000014,-0.0000073,481,0,1
32.4000000,25.2501371,-7.7636733,14.9794320,25.3463701,-7.8598160,14.9485532,0.2050569,-0.4580934,-0.0096488,0.1394909,0.1394909,4.0115135,0.0120370,0.0174381,0.0014048,0.0000777,-0.0000011,-0.0000058,482,0,1
32.5000000,25.2680456,-7.8051661,14.9807055,25.3760874,-7.8820255,14.9309049,0.2305949,-0.3891433,-0.0742016,0.1416351,0.1416351,4.0351116,0.0116092,0.0170028,0.0012311,0.0000774,-0.0000012,-0.0000060,485,0,1
32.6000000,25.2855340,-7.8466636,14.9819172,25.3988410,-7.9208738,14.9194846,0.2244127,-0.3881624,-0.0791932,0.1491424,0.1491424,4.0586762,0.0117473,0.0171415,0.0011121,0.0000774,-0.0000010,-0.0000049,486,0,1
32.7000000,25.3026031,-7.8881647,14.9830672,25.4211252,-7.9595713,14.9114515,0.2212710,-0.3857881,-0.0814684,0.1558050,0.1558050,4.0821223,0.0119599,0.0173547,0.0012751,0.0000774,-0.0000009,-0.0000048,486,0,1
32.8000000,25.3192534,-7.9296684,14.9841555,25.4432446,-7.9984429,14.9234535,0.2213542,-0.3904175,-0.0571726,0.1542351,0.1542351,4.1058594,0.0122871,0.0176825,0.0012484,0.0000774,-0.0000007,-0.0000038,487,0,1
32.9000000,25.3354855,-7.9711736,14.9851819,25.4651100,-8.0374602,14.9177662,0.2159534,-0.3899281,-0.0565742,0.1604410,0.1604410,4.1298260,0.0127688,0.0181648,0.0016058,0.0000775,-0.0000007,-0.0000036,487,0,1
33,25.3513000,-8.0126791,14.9861465,25.4849384,-8.0518911,14.9540196,0.1455902,-0.3729140,0.0047663,0.1429299,0.1429299,4.1538710,0.0109177,0.0162984,0.0011187,0.0000940,-0.0000018,-0.0000089,495,0,1
33.1000000,25.3666975,-8.0541840,14.9870493,25.4993867,-8.0890435,14.9543514,0.1433751,-0.3701346,0.0018692,0.1410347,0.1410347,4.1780891,0.0110443,0.0164290,0.0012237,0.0000942,-0.0000019,-0.0000091,495,0,1
33.2000000,25.3816786,-8.0956871,14.9878902,25.5133209,-8.1261732,14.9701034,0.1357264,-0.3704172,0.0166488,0.1362919,0.1362919,4.2022037,0.0112454,0.0166341,0.0011504,0.0000944,-0.0000016,-0.0000076,496,0,1
33.3000000,25.3962441,-8.1371874,14.9886693,25.5268363,-8.1632731,14.9714275,0.1345816,-0.3715808,0.0098335,0.1342836,0.1342836,4.2262943,0.0115609,0.0169538,0.0014000,0.0000946,-0.0000016,-0.0000077,496,0,1
33.4000000,25.4103945,-8.1786838,14.9893865,25.5403051,-8.2003515,14.9667753,0.1346937,-0.3704695,0.0026233,0.1336320,0.1336320,4.2506977,0.0120309,0.0174279,0.0014048,0.0000948,-0.0000012,-0.0000060,497,0,1
33.5000000,25.4241306,-8.2201751,14.9900417,25.5554455,-8.2505652,14.9753275,0.1369654,-0.4076458,0.0322414,0.1355865,0.1355865,4.2752890,0.0116031,0.0169926,0.0012311,0.0000945,-0.0000013,-0.0000062,500,0,1
33.6000000,25.4374530,-8.2616604,14.9906350,25.5688305,-8.2912405,14.9829558,0.1308217,-0.4054309,0.0297749,0.1348852,0.1348852,4.2997179,0.0117412,0.0171313,0.0011121,0.0000945,-0.0000011,-0.0000051,501,0,1
33.7000000,25.4503624,-8.3031385,14.9911665,25.5817197,-8.3318764,14.9861230,0.1269620,-0.4072876,0.0335693,0.1345587,0.1345587,4.3240620,0.0119538,0.0173445,0.0012751,0.0000945,-0.0000010,-0.0000050,501,0,1
33.8000000,25.4628596,-8.3446084,14.9916359,25.5941859,-8.3724199,14.9928590,0.1224061,-0.4033669,0.0372732,0.1342445,0.1342445,4.3484054,0.0122810,0.0176722,0.0012484,0.0000946,-0.0000008,-0.0000040,502,0,1
33.9000000,25.4749452,-8.3860690,14.9920434,25.6064084,-8.4128952,14.9965716,0.1220438,-0.4061385,0.0369784,0.1342487,0.1342487,4.3728985,0.0127627,0.0181545,0.0016058,0.0000946,-0.0000008,-0.0000038,502,0,1
34,25.4866200,-8.4275191,14.9923890,25.6234913,-8.4894261,15.0047113,0.1044764,-0.4727357,0.0108479,0.1507250,0.1507250,4.3976374,0.0109125,0.0162894,0.0011187,0.0001099,-0.0000019,-0.0000093,510,0,1
34.1000000,25.4978848,-8.4689578,14.9926726,25.6339066,-8.5365688,15.0057718,0.1038303,-0.4701192,0.0103622,0.1524623,0.1524623,4.4225299,0.0110391,0.0164200,0.0012238,0.0001101,-0.0000020,-0.0000095,510,0,1
34.2000000,25.5087404,-8.5103839,14.9928942,25.6442679,-8.5832597,14.9947112,0.1030413,-0.4653804,0.0033077,0.1538892,0.1538892,4.4476664,0.0112401,0.0166251,0.0011504,0.0001103,-0.0000017,-0.0000079,511,0,1
34.3000000,25.5191874,-8.5517964,14.9930538,25.6544109,-8.6300038,14.9948496,0.0998173,-0.4695025,-0.0005395,0.1562210,0.1562210,4.4729977,0.0115556,0.0169447,0.0014000,0.0001105,-0.0000017,-0.0000080,511,0,1
34.4000000,25.5292267,-8.5931942,14.9931515,25.6643108,-8.6770681,14.9919515,0.0981273,-0.4720377,-0.0040650,0.1590094,0.1590094,4.4985668,0.0120257,0.0174188,0.0014048,0.0001107,-0.0000013,-0.0000063,512,0,1
34.5000000,25.5388591,-8.6345762,14.9931872,25.6859158,-8.7053820,14.9814653,0.1304795,-0.4128933,-0.0457057,0.1636354,0.1636354,4.5242371,0.0115978,0.0169835,0.0012311,0.0001104,-0.0000014,-0.0000065,515,0,1
34.6000000,25.5480854,-8.6759413,14.9931609,25.6987266,-8.7464281,14.9496383,0.1251840,-0.4106465,-0.0594114,0.1719168,0.1719168,4.5497736,0.0117359,0.0171222,0.0011121,0.0001104,-0.0000011,-0.0000053,516,0,1
34.7000000,25.5569064,-8.7172885,14.9930726,25.7111602,-8.7875631,14.9437169,0.1234886,-0.4120549,-0.0590168,0.1765468,0.1765468,4.5753743,0.0119486,0.0173354,0.0012751,0.0001104,-0.0000011,-0.0000052,516,0,1
34.8000000,25.5653230,-8.7586167,14.9929223,25.7234125,-8.8289924,14.9342513,0.1215067,-0.4167671,-0.0626796,0.1827220,0.1827220,4.6012904,0.0122757,0.0176632,0.0012484,0.0001105,-0.0000009,-0.0000041,517,0,1
34.9000000,25.5733359,-8.7999248,14.9927101,25.7353945,-8.8708058,14.9280327,0.1181333,-0.4195026,-0.0616925,0.1883355,0.1883355,4.6274647,0.0127574,0.0181455,0.0016058,0.0001105,-0.0000008,-0.0000039,517,0,1
35,25.5809462,-8.8412117,14.9924358,25.6819738,-8.9750452,14.9315346,-0.0006698,-0.4563958,-0.0395718,0.1784011,0.3815905,4.6538884,0.0113058,0.0164244,0.0011191,-0.0001122,0.0000095,-0.0000166,524,1,1
35.1000000,25.5881547,-8.8824763,14.9920996,25.6816482,-9.0206278,14.9273461,-0.0058416,-0.4552559,-0.0441974,0.1789410,0.3901269,4.6803827,0.0114361,0.0165560,0.0012241,-0.0001139,0.0000099,-0.0000171,524,1,1
35.2000000,25.5949621,-8.9237177,14.9917015,25.6807309,-9.0663072,14.9281403,-0.0133094,-0.4569628,-0.0449684,0.1781238,0.3974820,4.7066150,0.0116409,0.0167620,0.0011506,-0.0001156,0.0000085,-0.0000144,525,1,1
35.3000000,25.6013696,-8.9649346,14.9912414,25.6792032,-9.1121782,14.9237559,-0.0172451,-0.4604571,-0.0427185,0.1797026,0.4064651,4.7327558,0.0119603,0.0170826,0.0014002,-0.0001174,0.0000088,-0.0000146,525,1,1
35.4000000,25.6073778,-9.0061261,14.9907193,25.6773819,-9.1583405,14.9193222,-0.0191812,-0.4627893,-0.0459571,0.1821190,0.4071649,4.7590895,0.0124341,0.0175577,0.0018002,-0.0001191,0.0000090,-0.0000148,525,2,1
35.5000000,25.6129879,-9.0472911,14.9901354,25.6770644,-9.1915008,14.9423521,-0.0177599,-0.4232604,0.0443635,0.1648801,0.4108121,4.7855402,0.0119993,0.0171206,0.0014890,-0.0001159,0.0000086,-0.0000145,528,2,1
35.6000000,25.6182007,-9.0884284,14.9894895,25.6752400,-9.2337085,14.9486689,-0.0189206,-0.4205713,0.0468195,0.1613261,0.4175380,4.8121040,0.0121380,0.0172594,0.0012911,-0.0001162,0.0000069,-0.0000116,529,2,1
35.7000000,25.6230172,-9.1295371,14.9887817,25.6728998,-9.2756654,14.9534936,-0.0278836,-0.4185667,0.0496746,0.1583888,0.4244201,4.8385424,0.0123512,0.0174728,0.0014611,-0.0001164,0.0000068,-0.0000115,529,2,1
35.8000000,25.6274383,-9.1706160,14.9880120,25.6699714,-9.3173451,14.9775168,-0.0321835,-0.4125189,0.0654239,0.1531295,0.4320757,4.8646225,0.0126789,0.0178007,0.0013705,-0.0001167,0.0000053,-0.0000089,530,2,1
35.9000000,25.6314650,-9.2116641,14.9871804,25.6666909,-9.3585274,14.9841540,-0.0334257,-0.4111264,0.0673191,0.1510591,0.4397416,4.8907122,0.0131611,0.0182831,0.0017269,-0.0001169,0.0000051,-0.0000086,530,2,1
36,25.6350983,-9.2526803,14.9862869,25.7017472,-9.3620875,14.9855740,0.0487423,-0.4189103,0.0374754,0.1281114,0.4059844,4.9171262,0.0119673,0.0170140,0.0012011,-0.0002361,-0.0000154,-0.0000104,536,4,1
36.1000000,25.6383392,-9.2936636,14.9853317,25.7066300,-9.4039704,14.9891532,0.0489148,-0.4187484,0.0341086,0.1297916,0.4115636,4.9439140,0.0121003,0.0171486,0.0013048,-0.0002371,-0.0000162,-0.0000104,536,4,1
36.2000000,25.6411887,-9.3346128,14.9843146,25.7111412,-9.4458499,14.9925599,0.0413655,-0.4188062,0.0293066,0.1316626,0.4171801,4.9706848,0.0123079,0.0173576,0.0012034,-0.0002382,-0.0000138,-0.0000085,537,4,1
36.3000000,25.6436478,-9.3755269,14.9832357,25.7152960,-9.4878951,14.9950871,0.0417301,-0.4220979,0.0212364,0.1337929,0.4228753,4.9974661,0.0126300,0.0176813,0.0014501,-0.0002392,-0.0000144,-0.0000083,537,4,1
36.4000000,25.6457176,-9.4164049,14.9820950,25.7192316,-9.5302069,15.0149224,0.0398399,-0.4225730,0.0449024,0.1394018,0.4299153,5.0245679,0.0131065,0.0181594,0.0014334,-0.0002403,-0.0000116,-0.0000063,538,4,1
36.5000000,25.6473992,-9.4572456,14.9808926,25.7219803,-9.5648047,15.0158486,0.0354743,-0.4005273,0.0308134,0.1354741,0.4234363,5.0519499,0.0126667,0.0177167,0.0012654,-0.0002384,-0.0000114,-0.0000068,541,4,1
36.6000000,25.6486934,-9.4980480,14.9796284,25.7253967,-9.6049479,15.0333645,0.0352580,-0.4009211,0.0376897,0.1421216,0.4280169,5.0796819,0.0128057,0.0178560,0.0011349,-0.0002385,-0.0000094,-0.0000056,542,4,1
36.7000000,25.6496016,-9.5388111,14.9783026,25.7286209,-9.6449889,15.0370014,0.0292246,-0.3998989,0.0350495,0.1447872,0.4313673,5.1074735,0.0130193,0.0180698,0.0012968,-0.0002387,-0.0000093,-0.0000054,542,4,1
36.8000000,25.6501246,-9.5795338,14.9769150,25.7316045,-9.6847750,15.0236915,0.0284773,-0.3969560,0.0155086,0.1410770,0.4326090,5.1352476,0.0133474,0.0183981,0.0012617,-0.0002388,-0.0000074,-0.0000043,543,4,1
36.9000000,25.6502637,-9.6202150,14.9754658,25.7343523,-9.7244758,15.0250611,0.0264786,-0.3970586,0.0118848,0.1428317,0.4358784,5.1632050,0.0138301,0.0188810,0.0016176,-0.0002390,-0.0000071,-0.0000040,543,4,1
37,25.6500199,-9.6608536,14.9739550,25.7168717,-9.7701610,15.0052498,-0.0181244,-0.4095926,-0.0644325,0.1318963,0.5779324,5.1911417,0.0119690,0.0175720,0.0011284,0.0002405,-0.0000010,-0.0000006,550,5,1
37.1000000,25.6493944,-9.7014486,14.9723827,25.7147978,-9.8113419,14.9989512,-0.0233533,-0.4140268,-0.0615395,0.1306141,0.5795449,5.2190079,0.0120968,0.0177066,0.0012331,0.0002439,-0.0000007,-0.0000004,550,5,1
37.2000000,25.6483882,-9.7419990,14.9707487,25.7122354,-9.8525041,14.9997682,-0.0278483,-0.4091933,-0.0574959,0.1308815,0.5815616,5.2467977,0.0122990,0.0179157,0.0011564,0.0002474,-0.0000004,-0.0000002,551,5,1
37.3000000,25.6470026,-9.7825037,14.9690533,25.7093663,-9.8933329,14.9940623,-0.0295346,-0.4073822,-0.0566221,0.1296063,0.5829860,5.2745751,0.0126157,0.0182394,0.0014055,0.0002508,-0.0000001,-0.0000000,551,5,1
37.4000000,25.6452386,-9.8229616,14.9672963,25.7061116,-9.9341380,14.9801239,-0.0355429,-0.4087034,-0.0692608,0.1273981,0.5843244,5.3023572,0.0130869,0.0187176,0.0014079,0.0002543,0.0000001,0.0000001,552,5,1
37.5000000,25.6430975,-9.8633716,14.9654779,25.7050057,-9.9707704,14.9711374,-0.0303459,-0.3965696,-0.0733705,0.1240933,0.5780218,5.3301600,0.0126569,0.0182748,0.0012349,0.0002479,-0.0000002,-0.0000001,555,5,1
37.6000000,25.6405804,-9.9037328,14.9635981,25.7019902,-10.0105031,14.9525629,-0.0299906,-0.3980945,-0.0778456,0.1236643,0.5776985,5.3583073,0.0127952,0.0184141,0.0011147,0.0002484,-0.0000001,-0.0000000,556,5,1
37.7000000,25.6376884,-9.9440440,14.9616569,25.6989082,-10.0502901,14.9448621,-0.0316499,-0.3976457,-0.0761713,0.1237666,0.5775485,5.3868074,0.0130080,0.0186279,0.0012776,0.0002490,-0.0000001,-0.0000000,556,5,1
37.8000000,25.6344229,-9.9843042,14.9596544,25.6954726,-10.0898953,14.9215928,-0.0370712,-0.3944566,-0.0958348,0.1277702,0.5781418,5.4152917,0.0133353,0.0189562,0.0012499,0.0002495,-0.0000000,0.0000000,557,5,1
37.9000000,25.6307851,-10.0245124,14.9575906,25.6917016,-10.1291588,14.9119259,-0.0383472,-0.3908130,-0.0975026,0.1294100,0.5779879,5.4437102,0.0138172,0.0194391,0.0016071,0.0002500,0.0000000,0.0000000,557,5,1
38,25.6267760,-10.0646675,14.9554656,25.6838448,-10.1710723,14.9464373,-0.0556113,-0.4269330,0.0293656,0.1210799,0.4669618,5.4720009,0.0121994,0.0175077,0.0011201,-0.0000059,0.0000110,-0.0000145,564,6,1
38.1000000,25.6223970,-10.1047684,14.9532793,25.6780327,-10.2135941,14.9493651,-0.0606306,-0.4235022,0.0291902,0.1222852,0.4702771,5.4999979,0.0123291,0.0176386,0.0012251,-0.0000076,0.0000115,-0.0000151,564,6,1
38.2000000,25.6176494,-10.1448142,14.9510319,25.6718008,-10.2561767,14.9644358,-0.0660546,-0.4254570,0.0406288,0.1245538,0.4736489,5.5278605,0.0125333,0.0178441,0.0011513,-0.0000092,0.0000098,-0.0000129,565,6,1
38.3000000,25.6125343,-10.1848037,14.9487234,25.6648517,-10.2984806,14.9683758,-0.0729265,-0.4206199,0.0381715,0.1266718,0.4774475,5.5554651,0.0128520,0.0181640,0.0014008,-0.0000109,0.0000101,-0.0000132,565,6,1
38.4000000,25.6070531,-10.2247359,14.9463538,25.6575453,-10.3406031,15.0013034,-0.0765479,-0.4174515,0.0765943,0.1378192,0.4832738,5.5828050,0.0133251,0.0186385,0.0014053,-0.0000126,0.0000081,-0.0000106,566,6,1
38.5000000,25.6012070,-10.2646098,14.9439232,25.6566134,-10.3709799,14.9962788,-0.0584224,-0.3826531,0.0268076,0.1308646,0.4713980,5.6101418,0.0128916,0.0182025,0.0012317,-0.0000095,0.0000081,-0.0000106,569,6,1
38.6000000,25.5949973,-10.3044244,14.9414317,25.6506215,-10.4091204,15.0024002,-0.0618255,-0.3796198,0.0292169,0.1333134,0.4712620,5.6374978,0.0130301,0.0183412,0.0011125,-0.0000097,0.0000067,-0.0000088,570,6,1
38.7000000,25.5884254,-10.3441785,14.9388792,25.6443519,-10.4470959,15.0054496,-0.0635663,-0.3798894,0.0317709,0.1347271,0.4706070,5.6649581,0.0132432,0.0185545,0.0012755,-0.0000100,0.0000066,-0.0000087,570,6,1
38.8000000,25.5814924,-10.3838711,14.9362658,25.6378125,-10.4850130,15.0107911,-0.0673852,-0.3782386,0.0384933,0.1376794,0.4705279,5.6925467,0.0135708,0.0188823,0.0012487,-0.0000102,0.0000052,-0.0000069,571,6,1
38.9000000,25.5741999,-10.4235013,14.9335917,25.6310998,-10.5228674,15.0145897,-0.0668691,-0.3788500,0.0374794,0.1402565,0.4700454,5.7203524,0.0140530,0.0193647,0.0016060,-0.0000105,0.0000050,-0.0000066,571,6,1
39,25.5665490,-10.4630680,14.9308568,25.5988642,-10.5336166,14.9647045,-0.0684490,-0.3159820,-0.0918139,0.0846584,0.6990125,5.7484479,0.0127499,0.0180020,0.0011193,-0.0001767,-0.0000154,-0.0000094,577,8,1
39.1000000,25.5585412,-10.5025700,14.9280612,25.5919888,-10.5651172,14.9555502,-0.0690589,-0.3140301,-0.0912717,0.0760693,0.6962941,5.7767511,0.0128825,0.0181363,0.0012243,-0.0001780,-0.0000163,-0.0000095,577,8,1
39.2000000,25.5501778,-10.5420065,14.9252050,25.5848473,-10.5966680,14.9569090,-0.0711817,-0.3155442,-0.0853140,0.0720764,0.6940972,5.8052693,0.0130896,0.0183451,0.0011508,-0.0001793,-0.0000141,-0.0000078,578,8,1
39.3000000,25.5414602,-10.5813763,14.9222882,25.5776223,-10.6279897,14.9482203,-0.0733191,-0.3108906,-0.0884595,0.0644437,0.6917665,5.8338673,0.0134112,0.0186684,0.0014004,-0.0001806,-0.0000147,-0.0000077,578,8,1
39.4000000,25.5323897,-10.6206785,14.9193108,25.5701012,-10.6590287,14.9422333,-0.0766190,-0.3096448,-0.0845516,0.0584665,0.6895381,5.8624647,0.0138872,0.0191463,0.0014050,-0.0001819,-0.0000119,-0.0000060,579,8,1
39.5000000,25.5229678,-10.6599120,14.9162730,25.5381628,-10.7327129,14.9416244,-0.1515977,-0.4365810,-0.0548400,0.0785719,0.6967904,5.8911234,0.0134483,0.0187041,0.0012313,-0.0001795,-0.0000117,-0.0000064,582,8,1
39.6000000,25.5131958,-10.6990758,14.9131749,25.5228697,-10.7764152,14.9342597,-0.1545849,-0.4376382,-0.0564948,0.0807437,0.6975205,5.9198865,0.0135873,0.0188434,0.0011123,-0.0001797,-0.0000097,-0.0000052,583,8,1
39.7000000,25.5030751,-10.7381688,14.9100163,25.5073653,-10.8201151,14.9284620,-0.1555043,-0.4363597,-0.0594588,0.0841061,0.6984459,5.9487978,0.0138008,0.0190571,0.0012753,-0.0001799,-0.0000096,-0.0000051,583,8,1
39.8000000,25.4926073,-10.7771900,14.9067976,25.4915633,-10.8636356,14.8947126,-0.1639395,-0.4358396,-0.0914095,0.0872925,0.6996379,5.9775725,0.0141288,0.0193854,0.0012485,-0.0001801,-0.0000077,-0.0000040,584,8,1
39.9000000,25.4817936,-10.8161385,14.9035186,25.4749912,-10.9072559,14.8856540,-0.1675024,-0.4365657,-0.0897630,0.0931010,0.7007421,6.0061414,0.0146114,0.0198683,0.0016059,-0.0001803,-0.0000074,-0.0000038,584,8,1
40,25.4706357,-10.8550131,14.9001795,25.4800501,-10.9317334,14.9288142,-0.1159903,-0.4576596,0.0176779,0.0824293,1.0660884,6.0348229,0.0125862,0.0184957,0.0011190,0.0003359,-0.0000011,-0.0000013,591,9,1
40.1000000,25.4591348,-10.8938129,14.8967803,25.4684031,-10.9775522,14.9307099,-0.1169488,-0.4587167,0.0202364,0.0908262,1.0746964,6.0637499,0.0127133,0.0186302,0.0012240,0.0003394,-0.0000008,-0.0000012,591,9,1
40.2000000,25.4472925,-10.9325368,14.8933212,25.4565523,-11.0235382,14.9064019,-0.1202745,-0.4613908,0.0016413,0.0924019,1.0831592,6.0929151,0.0129148,0.0188392,0.0011505,0.0003430,-0.0000004,-0.0000008,592,9,1
40.3000000,25.4351103,-10.9711839,14.8898021,25.4442380,-11.0696584,14.9064990,-0.1260120,-0.4610126,0.0003015,0.1002962,1.0921636,6.1220460,0.0132308,0.0191628,0.0014001,0.0003466,-0.0000002,-0.0000007,592,9,1
40.4000000,25.4225897,-11.0097530,14.8862232,25.4314053,-11.1157685,14.8933358,-0.1306243,-0.4612664,-0.0196296,0.1066189,1.1011721,6.1510136,0.0137013,0.0196408,0.0014049,0.0003501,0.0000001,-0.0000004,593,9,1
40.5000000,25.4097320,-11.0482433,14.8825845,25.4139498,-11.1487094,14.9013934,-0.1464889,-0.4258790,0.0181145,0.1022986,1.0925712,6.1800415,0.0132726,0.0191983,0.0012312,0.0003436,-0.0000003,-0.0000006,596,9,1
40.6000000,25.3965390,-11.0866537,14.8788861,25.3991256,-11.1911036,14.9197593,-0.1499443,-0.4218609,0.0312212,0.1121923,1.0972250,6.2091606,0.0134107,0.0193375,0.0011121,0.0003441,-0.0000002,-0.0000005,597,9,1
40.7000000,25.3830120,-11.1249831,14.8751280,25.3840138,-11.2331412,14.9229651,-0.1522919,-0.4188905,0.0328947,0.1182691,1.1012984,6.2382869,0.0136234,0.0195513,0.0012752,0.0003446,-0.0000001,-0.0000005,597,9,1
40.8000000,25.3691526,-11.1632306,14.8713105,25.3686523,-11.2750707,14.9120135,-0.1549523,-0.4197774,0.0156384,0.1190176,1.1049030,6.2674932,0.0139507,0.0198797,0.0012485,0.0003452,-0.0000001,-0.0000003,598,9,1
40.9000000,25.3549623,-11.2013951,14.8674335,25.3529664,-11.3169976,14.9135043,-0.1587666,-0.4187613,0.0141788,0.1244606,1.1090022,6.2967180,0.0144324,0.0203625,0.0016059,0.0003457,-0.0000000,-0.0000003,598,9,1
41,25.3404427,-11.2394758,14.8634970,25.4246883,-11.2534351,14.9083760,-0.0309042,-0.2541567,-0.0096938,0.0964692,0.8091429,6.3258527,0.0127180,0.0182677,0.0011191,0.0000736,0.0000117,-0.0000157,605,10,1
41.1000000,25.3255954,-11.2774714,14.8595013,25.4215381,-11.2786936,14.9076211,-0.0320991,-0.2510134,-0.0054047,0.1073406,0.7934307,6.3550246,0.0128474,0.0183981,0.0012241,0.0000720,0.0000122,-0.0000163,605,10,1
41.2000000,25.3104219,-11.3153812,14.8554464,25.4179549,-11.3034724,14.8805063,-0.0348363,-0.2508854,-0.0331264,0.1110548,0.7767498,6.3842926,0.0130512,0.0186030,0.0011506,0.0000704,0.0000104,-0.0000139,606,10,1
41.3000000,25.2949238,-11.3532040,14.8513323,25.4145830,-11.3286248,14.8769867,-0.0326017,-0.2521624,-0.0372652,0.1248224,0.7609466,6.4138310,0.0133695,0.0189224,0.0014002,0.0000687,0.0000107,-0.0000142,606,10,1
41.4000000,25.2791026,-11.3909388,14.8471592,25.4109679,-11.3537443,14.8674757,-0.0389983,-0.2511626,-0.0452879,0.1385086,0.7452005,6.4434891,0.0138423,0.0193964,0.0014050,0.0000671,0.0000086,-0.0000114,607,10,1
41.5000000,25.2629601,-11.4285847,14.8429271,25.3784426,-11.4213219,14.8485404,-0.1289394,-0.3795352,-0.0994957,0.1158468,0.7789775,6.4729790,0.0134094,0.0189614,0.0012312,0.0000701,0.0000086,-0.0000115,610,10,1
41.6000000,25.2464977,-11.4661407,14.8386361,25.3653445,-11.4594644,14.8397200,-0.1331701,-0.3831179,-0.0994284,0.1190391,0.7786152,6.5024667,0.0135479,0.0191000,0.0011122,0.0000699,0.0000071,-0.0000095,611,10,1
41.7000000,25.2297172,-11.5036058,14.8342864,25.3519484,-11.4976004,14.8296761,-0.1347523,-0.3796019,-0.1014491,0.1224655,0.7783826,6.5319996,0.0137609,0.0193132,0.0012753,0.0000697,0.0000070,-0.0000093,611,10,1
41.8000000,25.2126201,-11.5409790,14.8298779,25.3382406,-11.5356148,14.8277014,-0.1401412,-0.3797050,-0.0940615,0.1257538,0.7780000,6.5614632,0.0140885,0.0196409,0.0012485,0.0000694,0.0000056,-0.0000074,612,10,1
41.9000000,25.1952080,-11.5782593,14.8254108,25.3240064,-11.5734919,14.8180880,-0.1445434,-0.3778375,-0.0982055,0.1290944,0.7777699,6.5907335,0.0145706,0.0201232,0.0016059,0.0000692,0.0000053,-0.0000071,612,10,1
42,25.1774828,-11.6154457,14.8208852,25.3216434,-11.5672855,14.8050946,-0.1635004,-0.3261121,-0.0713747,0.1528105,1.0994681,6.6201026,0.0131974,0.0187002,0.0011192,-0.0001414,-0.0000161,-0.0000106,618,12,1
42.1000000,25.1594458,-11.6525373,14.8163012,25.3053097,-11.5999651,14.7979108,-0.1631751,-0.3274794,-0.0723020,0.1561355,1.0988994,6.6498602,0.0133297,0.0188343,0.0012242,-0.0001429,-0.0000170,-0.0000107,618,12,1
42.2000000,25.1410990,-11.6895330,14.8116589,25.2886206,-11.6329518,14.8120449,-0.1651061,-0.3289367,-0.0584979,0.1580006,1.0981704,6.6798842,0.0135364,0.0190430,0.0011507,-0.0001444,-0.0000147,-0.0000089,619,12,1
42.3000000,25.1224439,-11.7264319,14.8069583,25.2719842,-11.6658026,14.8062469,-0.1676205,-0.3280784,-0.0574623,0.1613653,1.0980542,6.7100182,0.0138577,0.0193662,0.0014003,-0.0001459,-0.0000154,-0.0000088,619,12,1
42.4000000,25.1034822,-11.7632330,14.8021996,25.2551797,-11.6984786,14.8162398,-0.1656923,-0.3239256,-0.0347653,0.1655367,1.0978818,6.7403932,0.0143334,0.0198439,0.0014050,-0.0001475,-0.0000125,-0.0000068,620,12,1
42.5000000,25.0842156,-11.7999354,14.7973828,25.2239208,-11.7468250,14.7945692,-0.2126544,-0.3713727,-0.1027496,0.1494863,1.0979255,6.7709735,0.0138951,0.0194020,0.0012313,-0.0001447,-0.0000123,-0.0000072,623,12,1
42.6000000,25.0646458,-11.8365380,14.7925082,25.2024615,-11.7837813,14.7761546,-0.2180319,-0.3686284,-0.1055083,0.1484718,1.0978764,6.8014330,0.0140340,0.0195412,0.0011122,-0.0001449,-0.0000102,-0.0000059,624,12,1
42.7000000,25.0447746,-11.8730400,14.7875756,25.1807839,-11.8205707,14.7655562,-0.2155197,-0.3671595,-0.1064607,0.1474327,1.0977652,6.8320219,0.0142474,0.0197549,0.0012753,-0.0001451,-0.0000101,-0.0000058,624,12,1
42.8000000,25.0246036,-11.9094402,14.7825854,25.1588414,-11.8575383,14.7775853,-0.2203991,-0.3705213,-0.0841727,0.1440090,1.0974112,6.8628226,0.0145754,0.0200832,0.0012485,-0.0001454,-0.0000080,-0.0000046,625,12,1
42.9000000,25.0041346,-11.9457379,14.7775375,25.1366598,-11.8946336,14.7691527,-0.2232318,-0.3713845,-0.0844806,0.1422845,1.0976811,6.8936185,0.0150580,0.0205660,0.0016059,-0.0001456,-0.0000077,-0.0000043,625,12,1
43,24.9833694,-11.9819319,14.7724321,25.1028069,-11.8995419,14.7374168,-0.2859707,-0.3245692,-0.1383679,0.1492633,1.3822161,6.9244536,0.0129372,0.0191461,0.0011189,0.0003907,-0.0000012,-0.0000027,632,13,1
43.1000000,24.9623097,-12.0180214,14.7672692,25.0743035,-11.9320496,14.7235591,-0.2840990,-0.3255850,-0.1387850,0.1477983,1.3792541,6.9555511,0.0130639,0.0192805,0.0012239,0.0003942,-0.0000009,-0.0000026,632,13,1
43.2000000,24.9409572,-12.0540054,14.7620491,25.0456240,-11.9646201,14.7293044,-0.2893224,-0.3251482,-0.1195366,0.1414818,1.3758554,6.9868318,0.0132650,0.0194894,0.0011505,0.0003978,-0.0000005,-0.0000020,633,13,1
43.3000000,24.9193137,-12.0898829,14.7567717,25.0166921,-11.9970734,14.7175264,-0.2893170,-0.3239181,-0.1160236,0.1401298,1.3730503,7.0181966,0.0135807,0.0198128,0.0014001,0.0004014,-0.0000002,-0.0000018,633,13,1
43.4000000,24.8973810,-12.1256531,14.7514373,24.9874581,-12.0294151,14.7181909,-0.2953764,-0.3226834,-0.1001859,0.1359446,1.3698469,7.0495671,0.0140508,0.0202908,0.0014049,0.0004050,0.0000001,-0.0000013,634,13,1
43.5000000,24.8751609,-12.1613148,14.7460458,24.9692594,-12.0629050,14.7028449,-0.2635924,-0.3243012,-0.1175695,0.1428472,1.3662764,7.0807768,0.0136228,0.0198484,0.0012311,0.0003984,-0.0000003,-0.0000016,637,13,1
43.6000000,24.8526552,-12.1968672,14.7405975,24.9429086,-12.0951788,14.7210420,-0.2633150,-0.3204833,-0.1043487,0.1373631,1.3621959,7.1120735,0.0137609,0.0199877,0.0011121,0.0003990,-0.0000002,-0.0000013,638,13,1
43.7000000,24.8298657,-12.2323094,14.7350924,24.9163507,-12.1272828,14.7105222,-0.2678438,-0.3215965,-0.1060477,0.1382531,1.3587496,7.1434088,0.0139735,0.0202014,0.0012752,0.0003995,-0.0000002,-0.0000012,638,13,1
43.8000000,24.8067942,-12.2676404,14.7295307,24.8896794,-12.1592164,14.7095197,-0.2655688,-0.3169270,-0.0969894,0.1379353,1.3550741,7.1748710,0.0143007,0.0205298,0.0012485,0.0004000,-0.0000001,-0.0000010,639,13,1
43.9000000,24.7834425,-12.3028592,14.7239124,24.8630178,-12.1911293,14.6998837,-0.2676627,-0.3213316,-0.0957322,0.1392594,1.3516957,7.2066407,0.0147824,0.0210126,0.0016058,0.0004005,-0.0000000,-0.0000009,639,13,1
44,24.7598125,-12.3379650,14.7182377,24.8306423,-12.1510739,14.7272068,-0.2080629,-0.3398337,0.0088894,0.2000640,1.0513386,7.2384104,0.0130175,0.0187949,0.0011191,0.0001225,0.0000124,-0.0000171,646,14,1
44.1000000,24.7359060,-12.3729567,14.7125067,24.8097689,-12.1848924,14.7281223,-0.2094053,-0.3365375,0.0094207,0.2026518,1.0490809,7.2700964,0.0131467,0.0189249,0.0012241,0.0001209,0.0000129,-0.0000177,646,14,1
44.2000000,24.7117248,-12.4078335,14.7067195,24.7889413,-12.2187555,14.7354778,-0.2084195,-0.3389797,0.0095898,0.2062522,1.0470622,7.3020251,0.0133504,0.0191294,0.0011506,0.0001193,0.0000110,-0.0000150,647,14,1
44.3000000,24.6872708,-12.4425945,14.7008763,24.7678425,-12.2527210,14.7363200,-0.2135570,-0.3403316,0.0072528,0.2092844,1.0452241,7.3340664,0.0136685,0.0194485,0.0014002,0.0001177,0.0000113,-0.0000154,647,14,1
44.4000000,24.6625459,-12.4772386,14.6949771,24.7462165,-12.2866581,14.7187084,-0.2165989,-0.3416139,-0.0177704,0.2094872,1.0433020,7.3660425,0.0141412,0.0199220,0.0014050,0.0001161,0.0000091,-0.0000123,648,14,1
44.5000000,24.6375520,-12.5117650,14.6890221,24.7162973,-12.3223705,14.7083876,-0.2400001,-0.3462111,-0.0541950,0.2060246,1.0462705,7.3982387,0.0137085,0.0194877,0.0012312,0.0001191,0.0000091,-0.0000124,651,14,1
44.6000000,24.6122909,-12.5461728,14.6830113,24.6924678,-12.3568535,14.7106389,-0.2376544,-0.3419986,-0.0540144,0.2074450,1.0460685,7.4308035,0.0138470,0.0196263,0.0011122,0.0001189,0.0000075,-0.0000103,652,14,1
44.7000000,24.5867645,-12.5804610,14.6769451,24.6685556,-12.3910835,14.7051888,-0.2405906,-0.3426023,-0.0549880,0.2082098,1.0455551,7.4635503,0.0140600,0.0198394,0.0012753,0.0001186,0.0000074,-0.0000101,652,14,1
44.8000000,24.5609747,-12.6146287,14.6708233,24.6441063,-12.4249784,14.6546798,-0.2441286,-0.3411001,-0.1029692,0.2076986,1.0449800,7.4962773,0.0143876,0.0201671,0.0012485,0.0001184,0.0000059,-0.0000080,653,14,1
44.9000000,24.5349235,-12.6486751,14.6646463,24.6196412,-12.4591340,14.6442206,-0.2451740,-0.3420118,-0.1062161,0.2086147,1.0447204,7.5290635,0.0148696,0.0206493,0.0016059,0.0001182,0.0000056,-0.0000077,653,14,1
45,24.5086126,-12.6825991,14.6584140,24.5835853,-12.5178901,14.6427393,-0.2916816,-0.2848850,-0.0675036,0.1816470,1.3202601,7.5621636,0.0134470,0.0191965,0.0011192,-0.0001321,-0.0000164,-0.0000118,659,16,1
45.1000000,24.4820442,-12.7163999,14.6521267,24.5542379,-12.5461796,14.6359097,-0.2952675,-0.2809045,-0.0690868,0.1856068,1.3159642,7.5953933,0.0135790,0.0193306,0.0012242,-0.0001338,-0.0000173,-0.0000119,659,16,1
45.2000000,24.4552200,-12.7500766,14.6457844,24.5247696,-12.5740201,14.6196147,-0.2965859,-0.2775486,-0.0731610,0.1910966,1.3115607,7.6285809,0.0137855,0.0195392,0.0011507,-0.0001356,-0.0000150,-0.0000099,660,16,1
45.3000000,24.4281421,-12.7836283,14.6393874,24.4949087,-12.6018145,14.6122690,-0.3006326,-0.2783397,-0.0737522,0.1955746,1.3070472,7.6617795,0.0141066,0.0198624,0.0014003,-0.0001373,-0.0000156,-0.0000098,660,16,1
45.4000000,24.4008124,-12.8170540,14.6329356,24.4643893,-12.6296758,14.6223307,-0.3065704,-0.2769820,-0.0535111,0.1981542,1.3020824,7.6947546,0.0145821,0.0203400,0.0014050,-0.0001390,-0.0000127,-0.0000076,661,16,1
45.5000000,24.3732328,-12.8503530,14.6264294,24.4554667,-12.6827119,14.6186427,-0.2448797,-0.3557033,-0.0502843,0.1868866,1.3233536,7.7275254,0.0141441,0.0198982,0.0012313,-0.0001359,-0.0000125,-0.0000080,664,16,1
45.6000000,24.3454053,-12.8835242,14.6198687,24.4309764,-12.7181791,14.6311537,-0.2416430,-0.3515435,-0.0434076,0.1865175,1.3268068,7.7604888,0.0142830,0.0200374,0.0011122,-0.0001361,-0.0000103,-0.0000066,665,16,1
45.7000000,24.3173319,-12.9165669,14.6132537,24.4067795,-12.7534378,14.6268472,-0.2422944,-0.3536312,-0.0427222,0.1865388,1.3304788,7.7938108,0.0144965,0.0202511,0.0012753,-0.0001364,-0.0000102,-0.0000065,665,16,1
45.8000000,24.2890145,-12.9494800,14.6065846,24.3824144,-12.7886540,14.6107916,-0.2465425,-0.3516507,-0.0569595,0.1860275,1.3342525,7.8271764,0.0148244,0.0205794,0.0012485,-0.0001366,-0.0000082,-0.0000051,666,16,1
45.9000000,24.2604551,-12.9822628,14.5998616,24.3575867,-12.8239203,14.6049908,-0.2500109,-0.3536752,-0.0590561,0.1858310,1.3381368,7.8604335,0.0153069,0.0210622,0.0016059,-0.0001369,-0.0000079,-0.0000048,666,16,1
46,24.2316558,-13.0149143,14.5930846,24.3353571,-12.9106405,14.6519209,-0.2534261,-0.3235429,0.0142349,0.1583941,1.7126731,7.8937946,0.0131325,0.0196003,0.0011189,0.0004074,-0.0000010,-0.0000043,673,17,1
46.1000000,24.2026185,-13.0474337,14.5862540,24.3100410,-12.9430744,14.6533657,-0.2528953,-0.3251349,0.0146614,0.1641172,1.7143402,7.9274562,0.0132589,0.0197346,0.0012239,0.0004110,-0.0000007,-0.0000042,673,17,1
46.2000000,24.1733452,-13.0798201,14.5793697,24.2846566,-12.9755265,14.6636782,-0.2547468,-0.3233967,0.0242026,0.1742851,1.7167736,7.9613408,0.0134599,0.0199435,0.0011505,0.0004146,-0.0000003,-0.0000034,674,17,1
46.3000000,24.1438380,-13.1120726,14.5724321,24.2591508,-13.0076897,14.6662569,-0.2553685,-0.3198688,0.0273700,0.1816478,1.7186690,7.9953312,0.0137753,0.0202668,0.0014001,0.0004181,0.0000000,-0.0000032,674,17,1
46.4000000,24.1140988,-13.1441903,14.5654411,24.2336960,-13.0396485,14.6513100,-0.2536677,-0.3199125,0.0031195,0.1805711,1.7197734,8.0296047,0.0142452,0.0207446,0.0014049,0.0004217,0.0000002,-0.0000024,675,17,1
46.5000000,24.0841298,-13.1761724,14.5583970,24.1860915,-13.0669434,14.6397772,-0.3290601,-0.3055265,-0.0425435,0.1701467,1.7110489,8.0637637,0.0138176,0.0203024,0.0012311,0.0004152,-0.0000001,-0.0000027,678,17,1
46.6000000,24.0539328,-13.2080181,14.5512999,24.1529751,-13.0974715,14.5974305,-0.3333170,-0.3065437,-0.0633489,0.1554282,1.7083774,8.0975392,0.0139557,0.0204417,0.0011121,0.0004157,-0.0000001,-0.0000022,679,17,1
46.7000000,24.0235101,-13.2397264,14.5441500,24.1195884,-13.1282132,14.5910717,-0.3344165,-0.3082886,-0.0638263,0.1544923,1.7073713,8.1313610,0.0141683,0.0206555,0.0012752,0.0004162,-0.0000000,-0.0000021,679,17,1
46.8000000,23.9928635,-13.2712964,14.5369473,24.0860400,-13.1589429,14.5588004,-0.3365431,-0.3069995,-0.0923971,0.1475898,1.7060035,8.1652968,0.0144954,0.0209838,0.0012484,0.0004167,0.0000000,-0.0000017,680,17,1
46.9000000,23.9619953,-13.3027275,14.5296921,24.0522858,-13.1894870,14.5494449,-0.3385410,-0.3038825,-0.0947133,0.1461710,1.7050572,8.1992185,0.0149771,0.0214666,0.0016058,0.0004173,0.0000001,-0.0000016,680,17,1
47,23.9309074,-13.3340186,14.5223845,24.0208842,-13.3310066,14.5206193,-0.2610025,-0.3454404,-0.1155947,0.0900446,1.5553509,8.2331501,0.0131919,0.0191528,0.0011191,0.0001443,0.0000132,-0.0000185,687,18,1
47.1000000,23.8996019,-13.3651690,14.5150246,23.9948513,-13.3654666,14.5091507,-0.2596572,-0.3437587,-0.1137769,0.0954308,1.5572313,8.2672938,0.0133210,0.0192825,0.0012241,0.0001428,0.0000137,-0.0000191,687,18,1
47.2000000,23.8680809,-13.3961778,14.5076126,23.9689498,-13.3999539,14.5064261,-0.2601399,-0.3435387,-0.1076485,0.1009465,1.5591245,8.3017086,0.0135246,0.0194866,0.0011506,0.0001413,0.0000117,-0.0000162,688,18,1
47.3000000,23.8363465,-13.4270441,14.5001487,23.9426805,-13.4342751,14.4957240,-0.2652452,-0.3428846,-0.1063944,0.1066714,1.5611095,8.3360998,0.0138428,0.0198054,0.0014002,0.0001398,0.0000120,-0.0000166,688,18,1
47.4000000,23.8044008,-13.4577671,14.4926330,23.9158020,-13.4684282,14.4798835,-0.2716003,-0.3411696,-0.1119823,0.1126341,1.5632087,8.3701804,0.0143154,0.0202786,0.0014050,0.0001383,0.0000097,-0.0000132,689,18,1
47.5000000,23.7722458,-13.4883461,14.4850656,23.8632200,-13.5209612,14.4952080,-0.3477796,-0.3932450,-0.0100501,0.0971747,1.5892034,8.4041771,0.0138828,0.0198449,0.0012312,0.0001411,0.0000097,-0.0000134,692,18,1
47.6000000,23.7398837,-13.5187801,14.4774467,23.8283546,-13.5601151,14.4795230,-0.3474129,-0.3927528,-0.0174721,0.0976730,1.5981886,8.4384180,0.0140213,0.0199834,0.0011122,0.0001409,0.0000080,-0.0000110,693,18,1
47.7000000,23.7073166,-13.5490683,14.4697766,23.7935237,-13.5992773,14.4776437,-0.3492062,-0.3904905,-0.0201142,0.1000725,1.6072407,8.4727828,0.0142343,0.0201965,0.0012753,0.0001406,0.0000079,-0.0000109,693,18,1
47.8000000,23.6745465,-13.5792099,14.4620552,23.7586461,-13.6385347,14.4956255,-0.3503491,-0.3918988,0.0033345,0.1082550,1.6167502,8.5072313,0.0145618,0.0205241,0.0012485,0.0001404,0.0000063,-0.0000086,694,18,1
47.9000000,23.6415757,-13.6092040,14.4542828,23.7236331,-13.6776217,14.4958317,-0.3499116,-0.3898407,0.0007889,0.1146329,1.6261489,8.5418711,0.0150439,0.0210063,0.0016059,0.0001402,0.0000060,-0.0000083,694,18,1
48,23.6084062,-13.6390500,14.4464596,23.6633991,-13.7381143,14.4715233,-0.3046510,-0.3930528,-0.0096682,0.1160437,1.9360204,8.5767235,0.0135856,0.0195449,0.0011192,-0.0001548,-0.0000164,-0.0000132,700,20,1
48.1000000,23.5750403,-13.6687469,14.4385857,23.6331953,-13.7774670,14.4704085,-0.2994265,-0.3940010,-0.0126272,0.1273372,1.9477453,8.6120567,0.0137175,0.0196791,0.0012242,-0.0001568,-0.0000174,-0.0000133,700,20,1
48.2000000,23.5414799,-13.6982939,14.4306613,23.6033275,-13.8165017,14.4586193,-0.3007188,-0.3887412,-0.0177427,0.1363080,1.9594028,8.6477499,0.0139238,0.0198878,0.0011507,-0.0001588,-0.0000150,-0.0000110,701,20,1
48.3000000,23.5077273,-13.7276902,14.4226865,23.5732286,-13.8555211,14.4567556,-0.3012606,-0.3916454,-0.0195319,0.1476206,1.9712400,8.6835653,0.0142446,0.0202110,0.0014003,-0.0001608,-0.0000157,-0.0000109,701,20,1
48.4000000,23.4737846,-13.7569350,14.4146616,23.5432687,-13.8946864,14.4365703,-0.3012465,-0.3938610,-0.0444501,0.1558315,1.9833334,8.7196560,0.0147200,0.0206887,0.0014050,-0.0001628,-0.0000128,-0.0000085,702,20,1
48.5000000,23.4396540,-13.7860276,14.4065865,23.4882447,-13.8936724,14.4142580,-0.3764086,-0.2739238,-0.1076815,0.1183525,1.9467532,8.7560217,0.0142824,0.0202468,0.0012313,-0.0001591,-0.0000125,-0.0000090,705,20,1
48.6000000,23.4053377,-13.8149671,14.3984617,23.4506672,-13.9211545,14.3993855,-0.3759372,-0.2762809,-0.1068604,0.1154616,1.9448928,8.7927039,0.0144212,0.0203860,0.0011122,-0.0001594,-0.0000104,-0.0000074,706,20,1
48.7000000,23.3708378,-13.8437526,14.3902871,23.4128254,-13.9487582,14.3887087,-0.3808993,-0.2757924,-0.1066756,0.1131000,1.9432765,8.8294502,0.0146346,0.0205997,0.0012753,-0.0001597,-0.0000103,-0.0000072,706,20,1
48.8000000,23.3361564,-13.8723836,14.3820630,23.3749378,-13.9762061,14.3651662,-0.3785484,-0.2743428,-0.1202444,0.1121098,1.9417868,8.8662758,0.0149626,0.0209280,0.0012485,-0.0001600,-0.0000082,-0.0000057,707,20,1
48.9000000,23.3012959,-13.9008590,14.3737896,23.3370158,-14.0034265,14.3529419,-0.3798918,-0.2700648,-0.1242416,0.1105921,1.9402001,8.9032670,0.0154450,0.0214108,0.0016059,-0.0001603,-0.0000079,-0.0000054,707,20,1
49,23.2662583,-13.9291782,14.3654669,23.3071145,-14.0437160,14.3564606,-0.3632534,-0.2852930,-0.0582083,0.1219395,2.2856607,8.9401290,0.0132445,0.0199161,0.0011188,0.0003861,-0.0000005,-0.0000063,714,21,1
49.1000000,23.2310458,-13.9573404,14.3570953,23.2707188,-14.0722065,14.3507979,-0.3646612,-0.2845175,-0.0550443,0.1216873,2.2870955,8.9769520,0.0133709,0.0200503,0.0012239,0.0003896,-0.0000001,-0.0000063,714,21,1
49.2000000,23.1956608,-13.9853448,14.3486748,23.2340839,-14.1005111,14.3161413,-0.3679671,-0.2841718,-0.0793491,0.1256903,2.2886318,9.0137698,0.0135718,0.0202590,0.0011504,0.0003932,0.0000001,-0.0000051,715,21,1
49.3000000,23.1601052,-14.0131906,14.3402056,23.1971507,-14.1288849,14.3084893,-0.3706980,-0.2833033,-0.0736906,0.1255526,2.2902715,9.0505311,0.0138871,0.0205823,0.0014000,0.0003967,0.0000005,-0.0000050,715,21,1
49.4000000,23.1243814,-14.0408771,14.3316880,23.1600583,-14.1570987,14.2999622,-0.3711390,-0.2810394,-0.0744056,0.1256456,2.2918978,9.0873476,0.0143570,0.0210600,0.0014048,0.0004002,0.0000006,-0.0000038,716,21,1
49.5000000,23.0884916,-14.0684035,14.3231220,23.1314723,-14.2058090,14.2940171,-0.3485627,-0.3431374,-0.0687361,0.1468833,2.3110926,9.1241401,0.0139295,0.0206180,0.0012311,0.0003938,0.0000002,-0.0000042,719,21,1
49.6000000,23.0524380,-14.0957690,14.3145079,23.0964502,-14.2400057,14.2865445,-0.3518769,-0.3408216,-0.0727307,0.1533730,2.3180987,9.1607436,0.0140675,0.0207572,0.0011121,0.0003943,0.0000002,-0.0000034,720,21,1
49.7000000,23.0162228,-14.1229728,14.3058458,23.0612464,-14.2740115,14.2793459,-0.3521989,-0.3392945,-0.0712408,0.1598188,2.3250840,9.1973131,0.0142801,0.0209710,0.0012752,0.0003948,0.0000003,-0.0000033,720,21,1
49.8000000,22.9798483,-14.1500143,14.2971360,23.0258208,-14.3078464,14.2774075,-0.3563342,-0.3371924,-0.0628470,0.1655707,2.3320067,9.2338489,0.0146073,0.0212993,0.0012484,0.0003953,0.0000003,-0.0000026,721,21,1
49.9000000,22.9433167,-14.1768926,14.2883785,22.9900628,-14.3413113,14.2712262,-0.3588254,-0.3321064,-0.0607793,0.1717932,2.3387619,9.2701942,0.0150889,0.0217821,0.0016058,0.0003958,0.0000003,-0.0000025,721,21,1
50,22.9066301,-14.2036070,14.2795737,22.9585550,-14.3510737,14.2608546,-0.4647547,-0.2816253,-0.1119104,0.1574579,2.0802918,9.3064761,0.0133001,0.0193955,0.0011190,0.0001389,0.0000143,-0.0000201,728,22,1
50.1000000,22.8697909,-14.2301568,14.2707216,22.9119229,-14.3791282,14.2496252,-0.4678890,-0.2794665,-0.1126783,0.1562454,2.0831115,9.3426920,0.0134293,0.0195249,0.0012240,0.0001375,0.0000148,-0.0000208,728,22,1
50.2000000,22.8328014,-14.2565413,14.2618224,22.8650879,-14.4068747,14.2397381,-0.4690768,-0.2750920,-0.1083688,0.1553392,2.0858331,9.3788175,0.0136330,0.0197288,0.0011506,0.0001361,0.0000126,-0.0000176,729,22,1
50.3000000,22.7956637,-14.2827596,14.2528764,22.8180767,-14.4344087,14.2288875,-0.4711471,-0.2755875,-0.1086448,0.1551621,2.0886018,9.4149455,0.0139512,0.0200473,0.0014002,0.0001347,0.0000130,-0.0000179,729,22,1
50.4000000,22.7583801,-14.3088111,14.2438836,22.7713310,-14.4621296,14.2462723,-0.4679484,-0.2730877,-0.0709574,0.1538831,2.0913867,9.4512865,0.0144239,0.0205202,0.0014049,0.0001333,0.0000104,-0.0000143,730,22,1
50.5000000,22.7209529,-14.3346950,14.2348444,22.7579099,-14.5073740,14.2374764,-0.3707194,-0.3235363,-0.0844558,0.1766092,2.1065887,9.4876325,0.0139912,0.0200870,0.0012312,0.0001359,0.0000105,-0.0000145,733,22,1
50.6000000,22.6833844,-14.3604106,14.2257589,22.7210588,-14.5398794,14.2476137,-0.3692177,-0.3225312,-0.0784158,0.1846782,2.1131170,9.5239056,0.0141296,0.0202255,0.0011122,0.0001357,0.0000086,-0.0000120,734,22,1
50.7000000,22.6456768,-14.3859571,14.2166272,22.6841388,-14.5721453,14.2397448,-0.3691825,-0.3227874,-0.0789617,0.1915197,2.1195183,9.5604037,0.0143427,0.0204386,0.0012752,0.0001355,0.0000085,-0.0000118,734,22,1
50.8000000,22.6078324,-14.4113340,14.2074496,22.6473406,-14.6043246,14.2441232,-0.3681107,-0.3189630,-0.0648661,0.2003777,2.1261241,9.5970864,0.0146702,0.0207661,0.0012485,0.0001353,0.0000068,-0.0000094,735,22,1
50.9000000,22.5698534,-14.4365404,14.1982262,22.6105426,-14.6361758,14.2377907,-0.3678492,-0.3180600,-0.0617839,0.2075458,2.1324213,9.6339646,0.0151523,0.0212483,0.0016059,0.0001351,0.0000065,-0.0000089,735,22,1
51,22.5317422,-14.4615756,14.1889573,22.6110559,-14.6594170,14.2284487,-0.3544035,-0.3107707,-0.0684656,0.2167751,2.3969731,9.6709465,0.0136677,0.0197910,0.0011191,-0.0001953,-0.0000163,-0.0000144,741,24,1
51.1000000,22.4935011,-14.4864390,14.1796430,22.5757657,-14.6904393,14.2216055,-0.3514008,-0.3096760,-0.0683990,0.2239296,2.4051169,9.7081385,0.0137994,0.0199253,0.0012242,-0.0001975,-0.0000172,-0.0000146,741,24,1
51.2000000,22.4551323,-14.5111298,14.1702836,22.5406712,-14.7211400,14.2187297,-0.3494044,-0.3034594,-0.0694326,0.2318798,2.4133677,9.7456054,0.0140056,0.0201340,0.0011507,-0.0001998,-0.0000149,-0.0000121,742,24,1
51.3000000,22.4166381,-14.5356473,14.1608791,22.5056992,-14.7514433,14.2117881,-0.3500360,-0.3026062,-0.0694002,0.2389383,2.4212927,9.7831777,0.0143263,0.0204573,0.0014003,-0.0002020,-0.0000156,-0.0000120,742,24,1
51.4000000,22.3780209,-14.5599908,14.1514299,22.4706849,-14.7818043,14.2263299,-0.3463732,-0.3017736,-0.0391943,0.2517893,2.4301051,9.8210504,0.0148015,0.0209351,0.0014050,-0.0002042,-0.0000127,-0.0000093,743,24,1
51.5000000,22.3392829,-14.5841597,14.1419361,22.4221998,-14.7947650,14.2102511,-0.3859601,-0.2485111,-0.0857130,0.2364249,2.4143924,9.8593303,0.0143641,0.0204930,0.0012313,-0.0002001,-0.0000125,-0.0000098,746,24,1
51.6000000,22.3004264,-14.6081533,14.1323979,22.3833577,-14.8196724,14.2189962,-0.3876634,-0.2471159,-0.0769677,0.2431403,2.4161769,9.8977436,0.0145030,0.0206322,0.0011122,-0.0002005,-0.0000103,-0.0000081,747,24,1
51.7000000,22.2614538,-14.6319708,14.1228155,22.3443719,-14.8443587,14.2113435,-0.3920533,-0.2466110,-0.0760855,0.2445838,2.4173197,9.9360134,0.0147164,0.0208460,0.0012753,-0.0002008,-0.0000102,-0.0000079,747,24,1
51.8000000,22.2223674,-14.6556116,14.1131890,22.3051909,-14.8690287,14.1932446,-0.3929386,-0.2478398,-0.0876668,0.2425191,2.4183628,9.9742224,0.0150443,0.0211743,0.0012485,-0.0002011,-0.0000082,-0.0000062,748,24,1
51.9000000,22.1831694,-14.6790751,14.1035188,22.2657866,-14.8937503,14.1845210,-0.3951490,-0.2465914,-0.0868066,0.2438696,2.4198285,10.0124592,0.0155267,0.0216571,0.0016059,-0.0002015,-0.0000079,-0.0000059,748,24,1
52,22.1438622,-14.7023605,14.0938050,22.2582062,-14.9763219,14.1586010,-0.4053362,-0.2840736,-0.1225219,0.3038551,2.7754308,10.0508817,0.0133147,0.0201270,0.0011188,0.0003462,0.0000002,-0.0000081,755,25,1
52.1000000,22.1044482,-14.7254672,14.0840478,22.2176790,-15.0044799,14.1464260,-0.4052077,-0.2790848,-0.1209772,0.3075066,2.7814105,10.0895417,0.0134410,0.0202611,0.0012238,0.0003497,0.0000005,-0.0000081,755,25,1
52.2000000,22.0649296,-14.7483945,14.0742474,22.1773075,-15.0323438,14.1313649,-0.4021868,-0.2785317,-0.1242825,0.3106741,2.7873091,10.1284261,0.0136419,0.0204697,0.0011504,0.0003531,0.0000007,-0.0000067,756,25,1
52.3000000,22.0253088,-14.7711418,14.0644040,22.1372216,-15.0601927,14.1189450,-0.3995323,-0.2784459,-0.1241162,0.3147215,2.7933884,10.1677225,0.0139572,0.0207928,0.0014000,0.0003566,0.0000010,-0.0000066,756,25,1
52.4000000,21.9855882,-14.7937083,14.0545178,22.0972179,-15.0878058,14.0767728,-0.4000899,-0.2759591,-0.1635018,0.3153566,2.7990090,10.2072415,0.0144270,0.0212705,0.0014048,0.0003601,0.0000011,-0.0000050,757,25,1
52.5000000,21.9457700,-14.8160936,14.0445890,22.0545144,-15.1123229,14.0652117,-0.4108508,-0.2662371,-0.1455770,0.3162317,2.7990273,10.2467062,0.0139996,0.0208287,0.0012311,0.0003537,0.0000007,-0.0000054,760,25,1
52.6000000,21.9058566,-14.8382968,14.0346178,22.0133610,-15.1387813,14.0510636,-0.4122253,-0.2628777,-0.1502535,0.3195600,2.8033750,10.2860263,0.0141376,0.0209679,0.0011121,0.0003542,0.0000006,-0.0000044,761,25,1
52.7000000,21.8658503,-14.8603175,14.0246044,21.9721269,-15.1650271,14.0360970,-0.4124566,-0.2620394,-0.1490772,0.3229161,2.8076691,10.3253328,0.0143502,0.0211816,0.0012752,0.0003547,0.0000007,-0.0000043,761,25,1
52.8000000,21.8257535,-14.8821548,14.0145491,21.9310054,-15.1913185,14.0300333,-0.4100504,-0.2633121,-0.1366794,0.3269555,2.8122794,10.3649213,0.0146773,0.0215099,0.0012484,0.0003553,0.0000006,-0.0000034,762,25,1
52.9000000,21.7855686,-14.9038083,14.0044520,21.8900948,-15.2175930,14.0162996,-0.4081621,-0.2621780,-0.1379930,0.3309486,2.8169997,10.4048701,0.0151590,0.0219927,0.0016058,0.0003558,0.0000006,-0.0000032,762,25,1
53,21.7452978,-14.9252772,13.9943134,21.7762509,-15.1963171,14.0281598,-0.4476203,-0.1967157,-0.0932010,0.2748933,2.5225996,10.4452377,0.0133739,0.0195515,0.0011190,0.0001138,0.0000153,-0.0000215,769,26,1
53.1000000,21.7049436,-14.9465610,13.9841334,21.7315389,-15.2158715,14.0188144,-0.4466199,-0.1943730,-0.0937069,0.2728338,2.5208564,10.4859657,0.0135032,0.0196808,0.0012240,0.0001124,0.0000159,-0.0000222,769,26,1
53.2000000,21.6645083,-14.9676590,13.9739123,21.6867866,-15.2352127,14.0109366,-0.4488002,-0.1919294,-0.0945271,0.2710205,2.5191853,10.5266875,0.0137069,0.0198845,0.0011505,0.0001112,0.0000135,-0.0000188,770,26,1
53.3000000,21.6239942,-14.9885706,13.9636502,21.6419036,-15.2544845,14.0017047,-0.4488601,-0.1935076,-0.0901098,0.2692195,2.5175732,10.5674442,0.0140252,0.0202027,0.0014001,0.0001099,0.0000139,-0.0000191,770,26,1
53.4000000,21.5834037,-15.0092951,13.9533474,21.5967161,-15.2733421,13.9599767,-0.4497680,-0.1906542,-0.1394472,0.2644655,2.5156575,10.6082686,0.0144980,0.0206755,0.0014049,0.0001086,0.0000111,-0.0000152,771,26,1
53.5000000,21.5427393,-15.0298321,13.9430042,21.5854457,-15.2984967,13.9555747,-0.3490200,-0.2022660,-0.1076301,0.2723279,2.5173641,10.6489089,0.0140651,0.0202426,0.0012312,0.0001110,0.0000112,-0.0000155,774,26,1
53.6000000,21.5020032,-15.0501809,13.9326206,21.5508259,-15.3189479,13.9668045,-0.3470145,-0.2017324,-0.0947642,0.2752961,2.5167746,10.6895737,0.0142036,0.0203811,0.0011122,0.0001108,0.0000092,-0.0000127,775,26,1
53.7000000,21.4611978,-15.0703408,13.9221970,21.5160414,-15.3389905,13.9574698,-0.3486752,-0.1991184,-0.0919312,0.2764501,2.5158349,10.7303582,0.0144166,0.0205941,0.0012752,0.0001106,0.0000091,-0.0000126,775,26,1
53.8000000,21.4203254,-15.0903113,13.9117335,21.4813811,-15.3586575,13.9358148,-0.3430838,-0.1962150,-0.1052979,0.2762560,2.5146111,10.7713871,0.0147442,0.0209217,0.0012485,0.0001104,0.0000072,-0.0000100,776,26,1
53.9000000,21.3793886,-15.1100918,13.9012304,21.4468328,-15.3781185,13.9254951,-0.3478812,-0.1930049,-0.1010977,0.2774451,2.5134440,10.8125094,0.0152263,0.0214038,0.0016059,0.0001102,0.0000069,-0.0000095,776,26,1
54,21.3383896,-15.1296817,13.8906879,21.4633684,-15.4000888,13.9046828,-0.3563210,-0.1781197,-0.1401347,0.2982207,2.7514714,10.8534983,0.0137217,0.0199595,0.0011191,-0.0002466,-0.0000162,-0.0000155,782,28,1
54.1000000,21.2973308,-15.1490805,13.8801062,21.4278860,-15.4177706,13.8906135,-0.3533279,-0.1755154,-0.1412523,0.2989138,2.7519584,10.8946957,0.0138533,0.0200939,0.0012242,-0.0002489,-0.0000172,-0.0000157,782,28,1
54.2000000,21.2562146,-15.1682875,13.8694854,21.3922968,-15.4353554,13.8786294,-0.3578956,-0.1756932,-0.1399313,0.2998788,2.7526193,10.9358925,0.0140593,0.0203028,0.0011507,-0.0002514,-0.0000149,-0.0000130,783,28,1
54.3000000,21.2150433,-15.1873021,13.8588259,21.3564278,-15.4530007,13.8647341,-0.3594837,-0.1772120,-0.1379743,0.3010319,2.7534572,10.9769580,0.0143799,0.0206262,0.0014003,-0.0002538,-0.0000156,-0.0000129,783,28,1
54.4000000,21.1738194,-15.2061239,13.8481279,21.3205289,-15.4704336,13.8401644,-0.3604536,-0.1729859,-0.1519942,0.3024016,2.7543480,11.0179928,0.0148550,0.0211041,0.0014050,-0.0002562,-0.0000128,-0.0000100,784,28,1
54.5000000,21.1325452,-15.2247522,13.8373916,21.2851428,-15.4855510,13.8485093,-0.3574889,-0.1644757,-0.0645393,0.3023667,2.7495298,11.0590396,0.0144179,0.0206618,0.0012313,-0.0002518,-0.0000125,-0.0000106,787,28,1
54.6000000,21.0912232,-15.2431864,13.8266171,21.2495772,-15.5017105,13.8138743,-0.3590134,-0.1630819,-0.0838016,0.3034355,2.7485095,11.1000880,0.0145567,0.0208010,0.0011122,-0.0002521,-0.0000103,-0.0000087,788,28,1
54.7000000,21.0498557,-15.2614261,13.8158047,21.2139333,-15.5180204,13.8056047,-0.3538638,-0.1631145,-0.0815908,0.3047394,2.7478118,11.1413844,0.0147701,0.0210148,0.0012753,-0.0002525,-0.0000102,-0.0000085,788,28,1
54.8000000,21.0084450,-15.2794706,13.8049547,21.1786776,-15.5342558,13.8054815,-0.3501832,-0.1607176,-0.0749861,0.3064227,2.7473219,11.1831639,0.0150980,0.0213431,0.0012485,-0.0002529,-0.0000082,-0.0000067,789,28,1
54.9000000,20.9669937,-15.2973195,13.7940673,21.1438225,-15.5503251,13.7980348,-0.3469188,-0.1606669,-0.0739479,0.3087005,2.7469797,11.2253279,0.0155804,0.0218259,0.0016059,-0.0002532,-0.0000079,-0.0000064,789,28,1
55,20.9255040,-15.3149721,13.7831427,21.0543021,-15.5857361,13.7789303,-0.4466009,-0.2121838,-0.1121237,0.2998663,2.9987248,11.2676547,0.0133698,0.0202605,0.0011187,0.0002933,0.0000010,-0.0000097,796,29,1
55.1000000,20.8839784,-15.3324280,13.7721810,21.0094193,-15.6067694,13.7678602,-0.4510551,-0.2084824,-0.1092787,0.3016907,3.0029365,11.3097314,0.0134962,0.0203944,0.0012237,0.0002967,0.0000014,-0.0000097,796,29,1
55.2000000,20.8424192,-15.3496866,13.7611827,20.9644246,-15.6276596,13.7806266,-0.4494378,-0.2059838,-0.0934326,0.3041914,3.0074458,11.3516699,0.0136972,0.0206029,0.0011504,0.0003002,0.0000015,-0.0000080,797,29,1
55.3000000,20.8008289,-15.3667473,13.7501477,20.9195212,-15.6480286,13.7715172,-0.4486295,-0.2013965,-0.0887556,0.3060453,3.0114138,11.3937108,0.0140126,0.0209259,0.0013999,0.0003036,0.0000018,-0.0000080,797,29,1
55.4000000,20.7592098,-15.3836097,13.7390765,20.8746100,-15.6681715,13.7584989,-0.4494977,-0.2018173,-0.0958800,0.3076847,3.0153575,11.4357962,0.0144825,0.0214034,0.0014048,0.0003070,0.0000017,-0.0000062,798,29,1
55.5000000,20.7175644,-15.4002732,13.7279692,20.8249497,-15.6898171,13.7539383,-0.4639076,-0.2060699,-0.0778746,0.3099059,3.0183418,11.4779179,0.0140548,0.0209619,0.0012310,0.0003007,0.0000013,-0.0000065,801,29,1
55.6000000,20.6758950,-15.4167373,13.7168261,20.7785917,-15.7103715,13.7248976,-0.4628216,-0.2070697,-0.0894316,0.3111797,3.0221319,11.5201840,0.0141929,0.0211010,0.0011121,0.0003012,0.0000011,-0.0000054,802,29,1
55.7000000,20.6342041,-15.4330015,13.7056474,20.7322751,-15.7308183,13.7160425,-0.4635095,-0.2018660,-0.0876687,0.3137210,3.0262068,11.5625011,0.0144055,0.0213148,0.0012751,0.0003017,0.0000012,-0.0000053,802,29,1
55.8000000,20.5924940,-15.4490653,13.6944333,20.6857799,-15.7508333,13.6875608,-0.4660922,-0.1997422,-0.1093604,0.3159326,3.0299883,11.6046459,0.0147327,0.0216430,0.0012484,0.0003023,0.0000010,-0.0000041,803,29,1
55.9000000,20.5507671,-15.4649282,13.6831840,20.6392762,-15.7706001,13.6766603,-0.4639822,-0.1955940,-0.1086504,0.3182951,3.0337904,11.6467582,0.0152143,0.0221258,0.0016058,0.0003028,0.0000010,-0.0000039,803,29,1
56,20.5090258,-15.4805896,13.6718998,20.6000307,-15.7733787,13.6259433,-0.3836353,-0.1463591,-0.1236760,0.3100312,2.7546901,11.6890011,0.0134355,0.0196530,0.0011189,0.0000709,0.0000166,-0.0000229,810,30,1
56.1000000,20.4672726,-15.4960492,13.6605809,20.5615029,-15.7879132,13.6133522,-0.3869201,-0.1443312,-0.1281460,0.3103136,2.7527881,11.7311237,0.0135649,0.0197821,0.0012239,0.0000697,0.0000173,-0.0000237,810,30,1
56.2000000,20.4255098,-15.5113064,13.6492276,20.5229843,-15.8025553,13.6109652,-0.3861615,-0.1448181,-0.1235270,0.3095016,2.7509848,11.7731315,0.0137687,0.0199857,0.0011505,0.0000684,0.0000147,-0.0000200,811,30,1
56.3000000,20.3837399,-15.5263606,13.6378401,20.4844212,-15.8170717,13.5986188,-0.3851007,-0.1455107,-0.1234005,0.3101419,2.7494536,11.8152990,0.0140871,0.0203039,0.0014001,0.0000672,0.0000151,-0.0000204,811,30,1
56.4000000,20.3419651,-15.5412116,13.6264186,20.4458521,-15.8314635,13.5620398,-0.3821493,-0.1478766,-0.1580949,0.3149338,2.7485092,11.8577715,0.0145599,0.0207765,0.0014049,0.0000659,0.0000120,-0.0000162,812,30,1
56.5000000,20.3001881,-15.5558587,13.6149633,20.3837219,-15.8431551,13.5672130,-0.4546847,-0.1360480,-0.0790562,0.3029806,2.7487512,11.9004095,0.0141269,0.0203438,0.0012311,0.0000683,0.0000121,-0.0000165,815,30,1
56.6000000,20.2584110,-15.5703014,13.6034746,20.3379951,-15.8565409,13.5544119,-0.4589368,-0.1329104,-0.0780962,0.3011209,2.7480873,11.9428167,0.0142654,0.0204823,0.0011121,0.0000681,0.0000100,-0.0000136,816,30,1
56.7000000,20.2166364,-15.5845394,13.5919525,20.2923395,-15.8697200,13.5468528,-0.4541747,-0.1306708,-0.0730844,0.2984843,2.7473325,11.9852827,0.0144784,0.0206953,0.0012752,0.0000679,0.0000099,-0.0000134,816,30,1
56.8000000,20.1748666,-15.5985722,13.5803974,20.2470982,-15.8831453,13.5653165,-0.4538780,-0.1334729,-0.0422386,0.2939842,2.7466601,12.0281086,0.0148060,0.0210228,0.0012485,0.0000677,0.0000079,-0.0000106,817,30,1
56.9000000,20.1331040,-15.6123993,13.5688096,20.2018527,-15.8963751,13.5608053,-0.4510303,-0.1311233,-0.0479859,0.2922888,2.7463605,12.0711347,0.0152881,0.0215049,0.0016058,0.0000675,0.0000075,-0.0000101,817,30,1
57,20.0913511,-15.6260202,13.5571892,20.1340594,-15.9869016,13.5253982,-0.4733810,-0.1803413,-0.1491659,0.3647877,2.9935993,12.1142927,0.0137651,0.0200821,0.0011191,-0.0003080,-0.0000161,-0.0000165,823,32,1
57.1000000,20.0496102,-15.6394346,13.5455364,20.0868213,-16.0048916,13.5103113,-0.4713812,-0.1794586,-0.1525713,0.3690316,2.9985418,12.1575795,0.0138966,0.0202166,0.0012242,-0.0003105,-0.0000171,-0.0000166,823,32,1
57.2000000,20.0078837,-15.6526419,13.5338516,20.0394324,-16.0227487,13.5038167,-0.4741139,-0.1755603,-0.1473766,0.3726613,3.0034430,12.2007796,0.0141025,0.0204256,0.0011507,-0.0003131,-0.0000149,-0.0000138,824,32,1
57.3000000,19.9661741,-15.6656417,13.5221350,19.9921170,-16.0402164,13.4888934,-0.4721940,-0.1737934,-0.1510900,0.3769406,3.0082538,12.2438703,0.0144230,0.0207492,0.0014003,-0.0003156,-0.0000156,-0.0000137,824,32,1
57.4000000,19.9244837,-15.6784337,13.5103868,19.9450230,-16.0572577,13.4770436,-0.4690872,-0.1665323,-0.1475378,0.3808428,3.0128087,12.2870723,0.0148979,0.0212272,0.0014050,-0.0003182,-0.0000127,-0.0000106,825,32,1
57.5000000,19.8828149,-15.6910173,13.4986072,19.9100293,-16.0482801,13.4739956,-0.4327530,-0.0880853,-0.1047178,0.3591422,2.9903663,12.3303229,0.0144610,0.0207846,0.0012312,-0.0003135,-0.0000124,-0.0000112,828,32,1
57.6000000,19.8411702,-15.7033921,13.4867965,19.8670127,-16.0570900,13.4661607,-0.4270924,-0.0876749,-0.1033144,0.3552406,2.9867704,12.3738593,0.0145998,0.0209239,0.0011122,-0.0003139,-0.0000103,-0.0000092,829,32,1
57.7000000,19.7995518,-15.7155578,13.4749550,19.8245715,-16.0656424,13.4557963,-0.4217301,-0.0833719,-0.1039731,0.3515000,2.9832077,12.4178771,0.0148132,0.0211377,0.0012753,-0.0003143,-0.0000102,-0.0000090,829,32,1
57.8000000,19.7579623,-15.7275138,13.4630828,19.7824474,-16.0738746,13.4494865,-0.4202311,-0.0808161,-0.0976415,0.3474912,2.9795432,12.4621555,0.0151411,0.0214660,0.0012485,-0.0003147,-0.0000081,-0.0000071,830,32,1
57.9000000,19.7164040,-15.7392599,13.4511803,19.7405500,-16.0818099,13.4396381,-0.4177176,-0.0778905,-0.0993252,0.3435939,2.9758381,12.5065760,0.0156235,0.0219489,0.0016059,-0.0003150,-0.0000078,-0.0000068,830,32,1
58,19.6748793,-15.7507956,13.4392477,19.6929761,-16.0582421,13.4449493,-0.4017292,-0.1350377,-0.0828530,0.3080315,3.1746758,12.5510577,0.0134196,0.0203448,0.0011187,0.0002291,0.0000021,-0.0000111,837,33,1
58.1000000,19.6333906,-15.7621204,13.4272852,19.6530882,-16.0715846,13.4367130,-0.3960290,-0.1318118,-0.0818733,0.3102337,3.1775038,12.5957587,0.0135461,0.0204786,0.0012237,0.0002325,0.0000025,-0.0000112,837,33,1
58.2000000,19.5919403,-15.7732341,13.4152930,19.6137033,-16.0850863,13.4411081,-0.3921855,-0.1361929,-0.0711397,0.3136747,3.1809235,12.6409728,0.0137471,0.0206869,0.0011503,0.0002358,0.0000024,-0.0000093,838,33,1
58.3000000,19.5505308,-15.7841361,13.4032715,19.5747064,-16.0985283,13.4340087,-0.3877525,-0.1326487,-0.0708496,0.3168149,3.1843236,12.6866291,0.0140626,0.0210097,0.0013999,0.0002392,0.0000028,-0.0000092,838,33,1
58.4000000,19.5091644,-15.7948262,13.3912208,19.5359267,-16.1117602,13.4436445,-0.3884219,-0.1302938,-0.0471046,0.3223533,3.1880858,12.7324056,0.0145326,0.0214871,0.0014048,0.0002426,0.0000025,-0.0000072,839,33,1
58.5000000,19.4678436,-15.8053040,13.3791413,19.4906796,-16.1110834,13.4182048,-0.4101191,-0.0861188,-0.1247280,0.3091092,3.1752917,12.7779698,0.0141048,0.0210458,0.0012310,0.0002364,0.0000021,-0.0000076,842,33,1
58.6000000,19.4265708,-15.8155689,13.3670331,19.4495311,-16.1196010,13.3880797,-0.4122909,-0.0862089,-0.1338832,0.3056234,3.1734426,12.8232860,0.0142429,0.0211849,0.0011120,0.0002369,0.0000018,-0.0000062,843,33,1
58.7000000,19.3853483,-15.8256208,13.3548965,19.4083727,-16.1280409,13.3745508,-0.4108778,-0.0825888,-0.1366955,0.3039315,3.1719434,12.8685210,0.0144555,0.0213986,0.0012751,0.0002374,0.0000018,-0.0000061,843,33,1
58.8000000,19.3441785,-15.8354592,13.3427318,19.3671647,-16.1362498,13.3499664,-0.4130261,-0.0824302,-0.1485870,0.3017544,3.1703631,12.9136690,0.0147827,0.0217269,0.0012484,0.0002379,0.0000015,-0.0000048,844,33,1
58.9000000,19.3030637,-15.8450838,13.3305392,19.3259927,-16.1444109,13.3349253,-0.4104142,-0.0807909,-0.1522338,0.3002361,3.1690150,12.9588118,0.0152644,0.0222096,0.0016058,0.0002384,0.0000014,-0.0000045,844,33,1
59,19.2620065,-15.8544942,13.3183190,19.2632352,-16.1938724,13.3259097,-0.4458393,-0.1072783,-0.1021549,0.3394653,2.9487897,13.0042794,0.0134923,0.0197145,0.0011188,0.0000132,0.0000180,-0.0000241,851,34,1
59.1000000,19.2210091,-15.8636900,13.3060714,19.2185836,-16.2044248,13.3155944,-0.4471929,-0.1037699,-0.1041513,0.3408764,2.9500074,13.0498633,0.0136218,0.0198436,0.0012238,0.0000119,0.0000186,-0.0000248,851,34,1
59.2000000,19.1800739,-15.8726710,13.2937967,19.1738355,-16.2145904,13.2992791,-0.4461119,-0.1017347,-0.1066069,0.3420203,2.9511304,13.0953624,0.0138257,0.0200471,0.0011504,0.0000107,0.0000158,-0.0000210,852,34,1
59.3000000,19.1392034,-15.8814367,13.2814951,19.1293599,-16.2247436,13.2886026,-0.4434018,-0.1013292,-0.1069226,0.3435216,2.9523935,13.1410269,0.0141441,0.0203651,0.0014000,0.0000094,0.0000162,-0.0000213,852,34,1
59.4000000,19.0983998,-15.8899868,13.2691669,19.0854029,-16.2349462,13.2959906,-0.4390429,-0.0984067,-0.0798620,0.3462447,2.9539707,13.1869936,0.0146170,0.0208377,0.0014048,0.0000082,0.0000130,-0.0000169,853,34,1
59.5000000,19.0576656,-15.8983210,13.2568123,19.0453624,-16.2239055,13.2674084,-0.4261110,-0.0319055,-0.1584064,0.3259891,2.9357227,13.2331308,0.0141839,0.0204052,0.0012311,0.0000105,0.0000131,-0.0000173,856,34,1
59.6000000,19.0170030,-15.9064391,13.2444316,19.0026637,-16.2270792,13.2495788,-0.4274753,-0.0320797,-0.1593143,0.3210019,2.9310480,13.2792060,0.0143224,0.0205436,0.0011121,0.0000104,0.0000108,-0.0000142,857,34,1
59.7000000,18.9764146,-15.9143405,13.2320251,18.9598691,-16.2301891,13.2335453,-0.4284172,-0.0301183,-0.1613554,0.3162854,2.9265364,13.3251394,0.0145354,0.0207566,0.0012752,0.0000102,0.0000107,-0.0000140,857,34,1
59.8000000,18.9359026,-15.9220251,13.2195930,18.9170502,-16.2329576,13.2025070,-0.4259529,-0.0278872,-0.1796968,0.3119718,2.9219989,13.3710540,0.0148630,0.0210841,0.0012484,0.0000100,0.0000085,-0.0000111,858,34,1
59.9000000,18.8954694,-15.9294925,13.2071355,18.8745408,-16.2355349,13.1844395,-0.4242363,-0.0236571,-0.1816524,0.3075956,2.9174197,13.4170338,0.0153451,0.0215662,0.0016058,0.0000098,0.0000081,-0.0000106,858,34,1
60,18.8551174,-15.9367424,13.1946529,18.8307559,-16.2589622,13.2180353,-0.4225460,-0.1133442,-0.0770836,0.3239843,3.1836920,13.4630785,0.0138037,0.0201693,0.0011191,-0.0003768,-0.0000158,-0.0000171,864,36,1
60.1000000,18.8148489,-15.9437745,13.1821456,18.7886507,-16.2702039,13.2103439,-0.4195579,-0.1114894,-0.0767454,0.3286908,3.1888583,13.5093001,0.0139351,0.0203039,0.0012241,-0.0003794,-0.0000168,-0.0000173,864,36,1
60.2000000,18.7746662,-15.9505885,13.1696136,18.7465965,-16.2815726,13.2224052,-0.4165447,-0.1110105,-0.0582797,0.3363411,3.1947623,13.5557775,0.0141409,0.0205131,0.0011507,-0.0003821,-0.0000146,-0.0000143,865,36,1
60.3000000,18.7345718,-15.9571841,13.1570574,18.7049554,-16.2928369,13.2163737,-0.4162774,-0.1142739,-0.0623512,0.3421379,3.2004800,13.6024405,0.0144612,0.0208368,0.0014002,-0.0003847,-0.0000154,-0.0000142,865,36,1
60.4000000,18.6945680,-15.9635611,13.1444771,18.6632957,-16.3039715,13.2082600,-0.4172280,-0.1086904,-0.0676266,0.3477434,3.2063771,13.6489811,0.0149361,0.0213150,0.0014050,-0.0003873,-0.0000126,-0.0000110,866,36,1
60.5000000,18.6546571,-15.9697191,13.1318730,18.6198828,-16.2992851,13.1935274,-0.4167805,-0.0595317,-0.1021801,0.3370820,3.1932449,13.6955641,0.0144994,0.0208721,0.0012312,-0.0003825,-0.0000122,-0.0000117,869,36,1
60.6000000,18.6148415,-15.9756578,13.1192454,18.5784289,-16.3049792,13.1562368,-0.4172285,-0.0590000,-0.1177576,0.3333869,3.1926901,13.7423086,0.0146382,0.0210114,0.0011122,-0.0003829,-0.0000102,-0.0000096,870,36,1
60.7000000,18.5751234,-15.9813771,13.1065945,18.5366015,-16.3106782,13.1443592,-0.4193199,-0.0549789,-0.1197931,0.3336905,3.1926614,13.7888250,0.0148515,0.0212252,0.0012753,-0.0003833,-0.0000101,-0.0000094,870,36,1
60.8000000,18.5355053,-15.9868765,13.0939207,18.4949687,-16.3159503,13.1097679,-0.4162473,-0.0531405,-0.1453354,0.3319396,3.1922814,13.8352570,0.0151794,0.0215536,0.0012485,-0.0003837,-0.0000080,-0.0000074,871,36,1
60.9000000,18.4959895,-15.9921559,13.0812241,18.4535774,-16.3211887,13.0953252,-0.4115789,-0.0516269,-0.1435190,0.3320545,3.1922448,13.8819844,0.0156618,0.0220364,0.0016059,-0.0003841,-0.0000078,-0.0000070,871,36,1
61,18.4565783,-15.9972151,13.0685050,18.4206182,-16.3309237,13.0702261,-0.4265128,-0.0663184,-0.1700494,0.3356450,3.3950076,13.9289110,0.0134685,0.0203943,0.0011186,0.0001580,0.0000032,-0.0000121,878,37,1
61.1000000,18.4172740,-16.0020536,13.0557636,18.3780083,-16.3376490,13.0534073,-0.4256850,-0.0681872,-0.1663264,0.3378929,3.3976314,13.9759252,0.0135951,0.0205280,0.0012236,0.0001613,0.0000037,-0.0000123,878,37,1
61.2000000,18.3780790,-16.0066714,13.0430004,18.3353598,-16.3442444,13.0492045,-0.4280318,-0.0615009,-0.1591033,0.3403219,3.4004850,14.0227672,0.0137963,0.0207361,0.0011503,0.0001646,0.0000034,-0.0000102,879,37,1
61.3000000,18.3389956,-16.0110681,13.0302154,18.2927061,-16.3501869,13.0332213,-0.4250429,-0.0573472,-0.1605603,0.3422766,3.4027711,14.0694001,0.0141119,0.0210588,0.0013998,0.0001678,0.0000038,-0.0000101,879,37,1
61.4000000,18.3000260,-16.0152436,13.0174090,18.2501198,-16.3558618,13.0397607,-0.4277438,-0.0536301,-0.1298456,0.3449797,3.4052217,14.1158755,0.0145820,0.0215360,0.0014047,0.0001712,0.0000033,-0.0000078,880,37,1
61.5000000,18.2611727,-16.0191975,13.0045815,18.2231158,-16.3504097,13.0186949,-0.3810380,-0.0205163,-0.1617755,0.3336901,3.3945529,14.1620507,0.0141540,0.0210950,0.0012310,0.0001651,0.0000030,-0.0000083,883,37,1
61.6000000,18.2224379,-16.0229297,12.9917331,18.1853055,-16.3527100,13.0277750,-0.3762859,-0.0224154,-0.1458403,0.3338157,3.3935515,14.2083812,0.0142921,0.0212341,0.0011120,0.0001656,0.0000025,-0.0000068,884,37,1
61.7000000,18.1838239,-16.0264399,12.9788640,18.1479720,-16.3549476,13.0130298,-0.3703845,-0.0223361,-0.1490638,0.3322197,3.3923674,14.2551994,0.0145047,0.0214478,0.0012751,0.0001661,0.0000025,-0.0000067,884,37,1
61.8000000,18.1453330,-16.0297279,12.9659745,18.1109664,-16.3572174,12.9947961,-0.3696233,-0.0233303,-0.1549140,0.3305466,3.3914195,14.3022726,0.0148319,0.0217760,0.0012484,0.0001666,0.0000020,-0.0000053,885,37,1
61.9000000,18.1069676,-16.0327936,12.9530650,18.0742634,-16.3593161,12.9793639,-0.3644360,-0.0186450,-0.1537309,0.3292084,3.3905411,14.3495150,0.0153136,0.0222587,0.0016058,0.0001671,0.0000020,-0.0000050,885,37,1
62,18.0687299,-16.0356366,12.9401356,18.0285774,-16.3380849,12.9340484,-0.4441914,-0.0099631,-0.1396511,0.3051627,3.1143342,14.3967744,0.0135490,0.0197533,0.0011187,-0.0000537,0.0000195,-0.0000251,892,38,1
62.1000000,18.0306222,-16.0382568,12.9271867,17.9843977,-16.3391429,12.9203845,-0.4394034,-0.0111960,-0.1336276,0.3044921,3.1130949,14.4441617,0.0136785,0.0198824,0.0012237,-0.0000550,0.0000202,-0.0000259,892,38,1
62.2000000,17.9926468,-16.0406540,12.9142185,17.9402502,-16.3398006,12.8882444,-0.4379288,-0.0091275,-0.1466960,0.3048094,3.1118728,14.4918355,0.0138825,0.0200858,0.0011504,-0.0000562,0.0000171,-0.0000218,893,38,1
62.3000000,17.9548060,-16.0428280,12.9012312,17.8967826,-16.3406557,12.8733793,-0.4314219,-0.0079745,-0.1506057,0.3047028,3.1108678,14.5397701,0.0142011,0.0204038,0.0013999,-0.0000575,0.0000175,-0.0000222,893,38,1
62.4000000,17.9171020,-16.0447786,12.8882252,17.8537627,-16.3413162,12.8651770,-0.4303405,-0.0035164,-0.1413322,0.3041014,3.1097959,14.5878886,0.0146740,0.0208763,0.0014048,-0.0000587,0.0000140,-0.0000176,894,38,1
62.5000000,17.8795372,-16.0465056,12.8752007,17.8446859,-16.3444953,12.8496910,-0.3239422,-0.0132369,-0.1482383,0.3011033,3.1079781,14.6361675,0.0142407,0.0204439,0.0012310,-0.0000564,0.0000141,-0.0000180,897,38,1
62.6000000,17.8421139,-16.0480089,12.8621580,17.8124751,-16.3456997,12.8360342,-0.3205116,-0.0105458,-0.1470718,0.3003010,3.1068380,14.6847482,0.0143792,0.0205823,0.0011121,-0.0000565,0.0000117,-0.0000148,898,38,1
62.7000000,17.8048341,-16.0492883,12.8490973,17.7803457,-16.3466854,12.8215518,-0.3220777,-0.0091688,-0.1425758,0.2996723,3.1057215,14.7333232,0.0145923,0.0207953,0.0012751,-0.0000567,0.0000115,-0.0000146,898,38,1
62.8000000,17.7677004,-16.0503436,12.8360189,17.7480561,-16.3473829,12.7970140,-0.3222368,-0.0066546,-0.1575165,0.3002327,3.1047079,14.7816997,0.0149199,0.0211228,0.0012484,-0.0000569,0.0000091,-0.0000116,899,38,1
62.9000000,17.7307148,-16.0511746,12.8229231,17.7159160,-16.3481233,12.7813857,-0.3205648,-0.0081531,-0.1550501,0.3002048,3.1038684,14.8300626,0.0154020,0.0216049,0.0016058,-0.0000571,0.0000087,-0.0000110,899,38,1
63,17.6938796,-16.0517812,12.8098102,17.6861403,-16.3100669,12.7953858,-0.3555059,0.0017454,-0.0729038,0.2588040,3.3143753,14.8781513,0.0138454,0.0202339,0.0011191,-0.0004454,-0.0000157,-0.0000177,905,40,1
63.1000000,17.6571972,-16.0521632,12.7966804,17.6505231,-16.3094612,12.7881225,-0.3568369,0.0103691,-0.0723623,0.2575268,3.3144986,14.9256385,0.0139766,0.0203687,0.0012241,-0.0004480,-0.0000168,-0.0000178,905,40,1
63.2000000,17.6206697,-16.0523206,12.7835340,17.6145697,-16.3085164,12.8032932,-0.3565141,0.0143033,-0.0565819,0.2570291,3.3146395,14.9727862,0.0141824,0.0205780,0.0011506,-0.0004506,-0.0000146,-0.0000148,906,40,1
63.3000000,17.5842994,-16.0522530,12.7703712,17.5789676,-16.3068319,12.7975740,-0.3555278,0.0193871,-0.0578034,0.2560836,3.3141847,15.0197498,0.0145026,0.0209018,0.0014002,-0.0004533,-0.0000154,-0.0000147,906,40,1
63.4000000,17.5480885,-16.0519605,12.7571924,17.5439396,-16.3048632,12.7919472,-0.3449826,0.0200310,-0.0598866,0.2553133,3.3138147,15.0670596,0.0149774,0.0213801,0.0014050,-0.0004560,-0.0000126,-0.0000114,907,40,1
63.5000000,17.5120392,-16.0514429,12.7439979,17.4988420,-16.3133361,12.7698906,-0.3769179,-0.0102763,-0.1175798,0.2635007,3.3199946,15.1147626,0.0145409,0.0209370,0.0012312,-0.0004511,-0.0000122,-0.0000120,910,40,1
63.6000000,17.4761538,-16.0507000,12.7307878,17.4611916,-16.3141831,12.7520473,-0.3772123,-0.0077533,-0.1198603,0.2647625,3.3216039,15.1623422,0.0146796,0.0210763,0.0011122,-0.0004515,-0.0000102,-0.0000099,911,40,1
63.7000000,17.4404345,-16.0497318,12.7175625,17.4235911,-16.3148604,12.7400554,-0.3747961,-0.0057912,-0.1199771,0.2666136,3.3232588,15.2098740,0.0148930,0.0212902,0.0012753,-0.0004519,-0.0000101,-0.0000097,911,40,1
63.8000000,17.4048835,-16.0485381,12.7043222,17.3861420,-16.3154872,12.7340640,-0.3733847,-0.0059870,-0.1171328,0.2692539,3.3251780,15.2574498,0.0152208,0.0216185,0.0012485,-0.0004523,-0.0000081,-0.0000076,912,40,1
63.9000000,17.3695029,-16.0471187,12.6910672,17.3487545,-16.3159445,12.7224342,-0.3743652,-0.0031585,-0.1154621,0.2714437,3.3270644,15.3049059,0.0157032,0.0221014,0.0016059,-0.0004527,-0.0000078,-0.0000072,912,40,1
64,17.3342951,-16.0454737,12.6777978,17.3193217,-16.2752307,12.6954001,-0.3754484,-0.0405383,-0.1121781,0.2309163,3.5232036,15.3524715,0.0135199,0.0204264,0.0011185,0.0000893,0.0000043,-0.0000128,919,41,1
64.1000000,17.2992622,-16.0436028,12.6645142,17.2818967,-16.2793231,12.6841695,-0.3730520,-0.0413084,-0.1124331,0.2371749,3.5300142,15.4003514,0.0136467,0.0205599,0.0012235,0.0000926,0.0000048,-0.0000129,919,41,1
64.2000000,17.2644064,-16.0415061,12.6512168,17.2447271,-16.2832933,12.6801102,-0.3708878,-0.0367367,-0.1091534,0.2443014,3.5371006,15.4482740,0.0138480,0.0207679,0.0011502,0.0000958,0.0000043,-0.0000107,920,41,1
64.3000000,17.2297299,-16.0391834,12.6379058,17.2076360,-16.2867974,12.6695355,-0.3709352,-0.0333438,-0.1023391,0.2506018,3.5437958,15.4960970,0.0141637,0.0210904,0.0013998,0.0000991,0.0000048,-0.0000106,920,41,1
64.4000000,17.1952348,-16.0366345,12.6245815,17.1704369,-16.2897720,12.6556584,-0.3728294,-0.0265930,-0.1049664,0.2562407,3.5501988,15.5436248,0.0146339,0.0215675,0.0014047,0.0001023,0.0000041,-0.0000083,921,41,1
64.5000000,17.1609234,-16.0338596,12.6112441,17.1393254,-16.2664515,12.6381914,-0.3504432,0.0527991,-0.1314801,0.2351418,3.5282166,15.5910552,0.0142057,0.0211268,0.0012309,0.0000964,0.0000037,-0.0000087,924,41,1
64.6000000,17.1267978,-16.0308583,12.5978939,17.1044159,-16.2609502,12.6113795,-0.3469889,0.0554711,-0.1394620,0.2315709,3.5257275,15.6386855,0.0143438,0.0212659,0.0011120,0.0000969,0.0000031,-0.0000072,925,41,1
64.7000000,17.0928602,-16.0276308,12.5845313,17.0698025,-16.2552209,12.5978572,-0.3452798,0.0591163,-0.1309845,0.2291429,3.5233567,15.6864017,0.0145565,0.0214795,0.0012751,0.0000973,0.0000031,-0.0000070,925,41,1
64.8000000,17.0591127,-16.0241769,12.5711564,17.0353258,-16.2491016,12.5954296,-0.3446790,0.0642126,-0.1184510,0.2274777,3.5209382,15.7340357,0.0148837,0.0218077,0.0012484,0.0000978,0.0000025,-0.0000055,926,41,1
64.9000000,17.0255574,-16.0204966,12.5577696,17.0008827,-16.2425579,12.5836798,-0.3441846,0.0666615,-0.1165444,0.2249253,3.5182204,15.7815081,0.0153654,0.0222904,0.0016058,0.0000983,0.0000024,-0.0000052,926,41,1
65,16.9921967,-16.0165898,12.5443712,17.0025770,-16.2106377,12.5398215,-0.3127186,0.0645672,-0.1776191,0.1943786,3.2235701,15.8288664,0.0136059,0.0197836,0.0011186,-0.0001247,0.0000208,-0.0000259,933,42,1
65.1000000,16.9590325,-16.0124564,12.5309613,16.9714158,-16.2041101,12.5218889,-0.3105065,0.0659843,-0.1810328,0.1922675,3.2202831,15.8761727,0.0137355,0.0199126,0.0012236,-0.0001261,0.0000215,-0.0000266,933,42,1
65.2000000,16.9260670,-16.0080965,12.5175403,16.9410470,-16.1980623,12.5337087,-0.3064239,0.0667268,-0.1601836,0.1912402,3.2176353,15.9235830,0.0139396,0.0201160,0.0011503,-0.0001273,0.0000183,-0.0000225,934,42,1
65.3000000,16.8933023,-16.0035100,12.5041085,16.9105982,-16.1912243,12.5175431,-0.3025516,0.0700330,-0.1631279,0.1889876,3.2144100,15.9711430,0.0142582,0.0204341,0.0013999,-0.0001287,0.0000187,-0.0000228,934,42,1
65.4000000,16.8607406,-15.9986967,12.4906662,16.8805542,-16.1842309,12.5083661,-0.2997881,0.0716083,-0.1487114,0.1874268,3.2112863,16.0188318,0.0147312,0.0209066,0.0014047,-0.0001300,0.0000149,-0.0000181,935,42,1
65.5000000,16.8283840,-15.9936568,12.4772136,16.8433963,-16.1782106,12.4970094,-0.3214933,0.0707880,-0.1357522,0.1862185,3.2122429,16.0664831,0.0142978,0.0204741,0.0012310,-0.0001275,0.0000151,-0.0000185,938,42,1
65.6000000,16.7962346,-15.9883902,12.4637509,16.8113041,-16.1707326,12.4735345,-0.3181218,0.0760407,-0.1398746,0.1832254,3.2099415,16.1140360,0.0144363,0.0206126,0.0011120,-0.0001277,0.0000124,-0.0000153,939,42,1
65.7000000,16.7642944,-15.9828969,12.4502786,16.7798083,-16.1629316,12.4596553,-0.3117938,0.0799776,-0.1377078,0.1809451,3.2074967,16.1617888,0.0146494,0.0208255,0.0012751,-0.0001279,0.0000123,-0.0000150,939,42,1
65.8000000,16.7325657,-15.9771768,12.4367968,16.7487088,-16.1550732,12.4605303,-0.3124980,0.0800053,-0.1233489,0.1801971,3.2052743,16.2096183,0.0149770,0.0211530,0.0012484,-0.0001280,0.0000097,-0.0000119,940,42,1
65.9000000,16.7010504,-15.9712300,12.4233058,16.7175407,-16.1470294,12.4482009,-0.3108649,0.0808708,-0.1232387,0.1783175,3.2030604,16.2573438,0.0154591,0.0216351,0.0016058,-0.0001282,0.0000093,-0.0000114,940,42,1
66,16.6697507,-15.9650564,12.4098060,16.7635438,-16.1174915,12.4078256,-0.3329594,0.0781519,-0.1518021,0.1789903,3.3726446,16.3050748,0.0138886,0.0202872,0.0011190,-0.0005093,-0.0000157,-0.0000179,946,44,1
66.1000000,16.6386686,-15.9586560,12.3962975,16.7302819,-16.1094327,12.3926571,-0.3322785,0.0830238,-0.1515673,0.1764648,3.3717401,16.3526973,0.0140198,0.0204221,0.0012241,-0.0005119,-0.0000168,-0.0000181,946,44,1
66.2000000,16.6078063,-15.9520289,12.3827807,16.6970321,-16.1011021,12.3848193,-0.3308897,0.0854540,-0.1428953,0.1737476,3.3708466,16.4001852,0.0142254,0.0206315,0.0011506,-0.0005146,-0.0000147,-0.0000150,947,44,1
66.3000000,16.5771657,-15.9451751,12.3692559,16.6639775,-16.0924991,12.3705006,-0.3302036,0.0866061,-0.1434793,0.1710035,3.3698188,16.4475956,0.0145456,0.0209555,0.0014002,-0.0005172,-0.0000155,-0.0000149,947,44,1
66.4000000,16.5467489,-15.9380946,12.3557233,16.6312230,-16.0835212,12.3452867,-0.3268224,0.0911970,-0.1608676,0.1685043,3.3686976,16.4949454,0.0150202,0.0214339,0.0014050,-0.0005198,-0.0000127,-0.0000115,948,44,1
66.5000000,16.5165580,-15.9307873,12.3421832,16.6107174,-16.0948140,12.3411319,-0.2923694,0.0331821,-0.1163474,0.1891345,3.3861564,16.5420517,0.0145839,0.0209906,0.0012312,-0.0005150,-0.0000123,-0.0000122,951,44,1
66.6000000,16.4865950,-15.9232534,12.3286359,16.5816529,-16.0913999,12.3293048,-0.2889551,0.0350665,-0.1164689,0.1931572,3.3904950,16.5889790,0.0147226,0.0211299,0.0011122,-0.0005154,-0.0000102,-0.0000100,952,44,1
66.7000000,16.4568620,-15.9154928,12.3150816,16.5529153,-16.0875276,12.3176782,-0.2857975,0.0423790,-0.1160630,0.1970506,3.3945826,16.6359217,0.0149360,0.0213438,0.0012753,-0.0005158,-0.0000101,-0.0000098,952,44,1
66.8000000,16.4273610,-15.9075056,12.3015207,16.5245021,-16.0831073,12.2901906,-0.2845482,0.0440404,-0.1305407,0.2009992,3.3983809,16.6828030,0.0152638,0.0216722,0.0012485,-0.0005162,-0.0000081,-0.0000077,953,44,1
66.9000000,16.3980940,-15.8992919,12.2879535,16.4963075,-16.0786604,12.2769941,-0.2793420,0.0448983,-0.1333889,0.2047902,3.4023575,16.7298061,0.0157462,0.0221551,0.0016059,-0.0005166,-0.0000078,-0.0000073,953,44,1
67,16.3690630,-15.8908517,12.2743801,16.4515750,-16.0178331,12.2742905,-0.3124933,0.0524666,-0.0574159,0.1514349,3.4977070,16.7771171,0.0142269,0.0205085,0.0011191,0.0002188,-0.0000154,-0.0000190,959,46,1
67.1000000,16.3402700,-15.8821850,12.2608010,16.4204380,-16.0122642,12.2685311,-0.3102466,0.0589117,-0.0577713,0.1529943,3.5013502,16.8245164,0.0143588,0.0206422,0.0012241,0.0002233,-0.0000157,-0.0000194,959,46,1
67.2000000,16.3117171,-15.8732919,12.2472163,16.3891051,-16.0068982,12.2957926,-0.3088859,0.0577367,-0.0319855,0.1618617,3.5059356,16.8718386,0.0145652,0.0208504,0.0011506,0.0002278,-0.0000131,-0.0000162,960,46,1
67.3000000,16.2834062,-15.8641725,12.2336264,16.3582723,-16.0010881,12.2925931,-0.3077711,0.0584645,-0.0320032,0.1668170,3.5099541,16.9191293,0.0148861,0.0211731,0.0014002,0.0002323,-0.0000131,-0.0000163,960,46,1
67.4000000,16.2553393,-15.8548268,12.2200315,16.3278772,-15.9949326,12.2691927,-0.3031166,0.0609214,-0.0545900,0.1652520,3.5135522,16.9665187,0.0153615,0.0216504,0.0014050,0.0002368,-0.0000103,-0.0000128,961,46,1
67.5000000,16.2275184,-15.8452549,12.2064319,16.3214692,-15.9814876,12.2545416,-0.2272110,0.0847599,-0.0898777,0.1723388,3.5086580,17.0141403,0.0149238,0.0212093,0.0012312,0.0002285,-0.0000107,-0.0000133,964,46,1
67.6000000,16.1999454,-15.8354569,12.1928279,16.2989858,-15.9730503,12.2398460,-0.2233879,0.0828299,-0.0896060,0.1759308,3.5100580,17.0620177,0.0150627,0.0213484,0.0011122,0.0002291,-0.0000088,-0.0000109,965,46,1
67.7000000,16.1726224,-15.8254328,12.1792197,16.2767783,-15.9646035,12.2307264,-0.2207619,0.0861055,-0.0927865,0.1813005,3.5117459,17.1100198,0.0152761,0.0215621,0.0012753,0.0002298,-0.0000086,-0.0000107,965,46,1
67.8000000,16.1455512,-15.8151828,12.1656078,16.2549110,-15.9556080,12.1935004,-0.2196347,0.0900098,-0.1249353,0.1801577,3.5127579,17.1578895,0.0156040,0.0218903,0.0012485,0.0002305,-0.0000068,-0.0000085,966,46,1
67.9000000,16.1187338,-15.8047070,12.1519923,16.2329137,-15.9462415,12.1809163,-0.2203117,0.0973197,-0.1267470,0.1841349,3.5139435,17.2054111,0.0160865,0.0223730,0.0016059,0.0002311,-0.0000065,-0.0000081,966,46,1
68,16.0921722,-15.7940054,12.1383735,16.1867512,-15.8773833,12.1719597,-0.2915916,0.1149609,-0.1252190,0.1304802,3.1812619,17.2526089,0.0142106,0.0198541,0.0011186,-0.0000419,0.0000151,-0.0000282,973,47,1
68.1000000,16.0658683,-15.7830781,12.1247516,16.1576919,-15.8657548,12.1593909,-0.2895930,0.1176097,-0.1261577,0.1283234,3.1802346,17.2996911,0.0143399,0.0199831,0.0012236,-0.0000434,0.0000161,-0.0000289,973,47,1
68.2000000,16.0398240,-15.7719253,12.1111271,16.1287045,-15.8536646,12.1400689,-0.2885188,0.1213290,-0.1302550,0.1241720,3.1790267,17.3466470,0.0145437,0.0201865,0.0011503,-0.0000448,0.0000139,-0.0000243,974,47,1
68.3000000,16.0140412,-15.7605471,12.0975002,16.1000870,-15.8412130,12.1271596,-0.2838327,0.1277045,-0.1279320,0.1216163,3.1776567,17.3935572,0.0148621,0.0205045,0.0013998,-0.0000464,0.0000146,-0.0000246,974,47,1
68.4000000,15.9885219,-15.7489436,12.0838711,16.0721257,-15.8280952,12.1057849,-0.2739326,0.1322572,-0.1383701,0.1171956,3.1758004,17.4408152,0.0153349,0.0209770,0.0014047,-0.0000478,0.0000119,-0.0000195,975,47,1
68.5000000,15.9632678,-15.7371149,12.0702401,16.0641573,-15.8248582,12.0757309,-0.2158771,0.1044071,-0.1981613,0.1338198,3.1831490,17.4882350,0.0149019,0.0205446,0.0012310,-0.0000451,0.0000116,-0.0000200,978,47,1
68.6000000,15.9382810,-15.7250611,12.0566075,16.0426023,-15.8139976,12.0442055,-0.2131907,0.1093268,-0.2036802,0.1376460,3.1838233,17.5354698,0.0150404,0.0206830,0.0011120,-0.0000452,0.0000096,-0.0000165,979,47,1
68.7000000,15.9135633,-15.7127824,12.0429736,16.0214362,-15.8029993,12.0238637,-0.2101305,0.1106398,-0.2031572,0.1419184,3.1845439,17.5827015,0.0152534,0.0208960,0.0012751,-0.0000455,0.0000095,-0.0000162,979,47,1
68.8000000,15.8891166,-15.7002790,12.0293387,16.0010095,-15.7918059,12.0230678,-0.2007901,0.1172532,-0.1824246,0.1446946,3.1851217,17.6301962,0.0155810,0.0212235,0.0012484,-0.0000457,0.0000076,-0.0000128,980,47,1
68.9000000,15.8649427,-15.6875509,12.0157030,15.9811157,-15.7797026,12.0048749,-0.1970877,0.1248115,-0.1814330,0.1486786,3.1850730,17.6778782,0.0160631,0.0217056,0.0016058,-0.0000459,0.0000073,-0.0000122,980,47,1
69,15.8410436,-15.6745983,12.0020669,15.9631956,-15.7540441,12.0060350,-0.2141861,0.1530563,-0.1311771,0.1457686,3.3682501,17.7252250,0.0143940,0.0203688,0.0011190,-0.0004456,-0.0000189,-0.0000187,986,49,1
69.1000000,15.8174209,-15.6614214,11.9884306,15.9420252,-15.7384882,11.9928403,-0.2092201,0.1580621,-0.1327165,0.1465775,3.3669705,17.7723207,0.0145247,0.0205038,0.0012241,-0.0004482,-0.0000200,-0.0000189,986,49,1
69.2000000,15.7940767,-15.6480204,11.9747944,15.9210250,-15.7227131,11.9885532,-0.2081610,0.1598176,-0.1210529,0.1479330,3.3658160,17.8194195,0.0147300,0.0207133,0.0011506,-0.0004509,-0.0000173,-0.0000156,987,49,1
69.3000000,15.7710127,-15.6343953,11.9611585,15.9004540,-15.7065760,11.9765511,-0.2032582,0.1629246,-0.1189891,0.1490035,3.3644221,17.8665730,0.0150498,0.0210373,0.0014002,-0.0004535,-0.0000181,-0.0000155,987,49,1
69.4000000,15.7482307,-15.6205464,11.9475233,15.8801642,-15.6906317,11.9889359,-0.1974519,0.1601166,-0.0874850,0.1550271,3.3637474,17.9140386,0.0155240,0.0215159,0.0014050,-0.0004562,-0.0000147,-0.0000120,988,49,1
69.5000000,15.7257326,-15.6064739,11.9338891,15.8621825,-15.6760690,11.9656378,-0.1908931,0.1594963,-0.1417785,0.1564290,3.3619043,17.9616246,0.0150884,0.0210724,0.0012312,-0.0004513,-0.0000144,-0.0000127,991,49,1
69.6000000,15.7035201,-15.5921778,11.9202561,15.8435119,-15.6598336,11.9260812,-0.1879467,0.1604622,-0.1568628,0.1555922,3.3602875,18.0091320,0.0152271,0.0212117,0.0011122,-0.0004518,-0.0000119,-0.0000104,992,49,1
69.7000000,15.6815951,-15.5776585,11.9066246,15.8248305,-15.6436066,11.9105293,-0.1856805,0.1640784,-0.1541767,0.1577364,3.3590095,18.0566213,0.0154403,0.0214256,0.0012752,-0.0004521,-0.0000118,-0.0000102,992,49,1
69.8000000,15.6599594,-15.5629161,11.8929949,15.8063529,-15.6272894,11.9056168,-0.1822725,0.1636316,-0.1439171,0.1604191,3.3579142,18.1041360,0.0157681,0.0217540,0.0012485,-0.0004525,-0.0000094,-0.0000081,993,49,1
69.9000000,15.6386147,-15.5479508,11.8793673,15.7881352,-15.6106898,11.8912276,-0.1820813,0.1683598,-0.1438669,0.1625831,3.3567024,18.1515410,0.0162504,0.0222369,0.0016059,-0.0004529,-0.0000091,-0.0000076,993,49,1
70,15.6175627,-15.5327628,11.8657420,15.7565888,-15.5354276,11.8859911,-0.1667102,0.1825805,-0.1298026,0.1405182,3.5113459,18.1988857,0.0139947,0.0205106,0.0011183,0.0000847,0.0000053,-0.0000128,1000,50,1
70.1000000,15.5968054,-15.5173522,11.8521193,15.7400891,-15.5169938,11.8729258,-0.1632842,0.1860942,-0.1315030,0.1447869,3.5090704,18.2463278,0.0141214,0.0206438,0.0012233,0.0000878,0.0000059,-0.0000130,1000,50,1
70.2000000,15.5763443,-15.5017194,11.8384996,15.7238694,-15.4981342,11.8366590,-0.1589702,0.1867701,-0.1492854,0.1475801,3.5064007,18.2938559,0.0143226,0.0208516,0.0011500,0.0000910,0.0000053,-0.0000107,1001,50,1
70.3000000,15.5561813,-15.4858645,11.8248831,15.7082860,-15.4792158,11.8220191,-0.1526978,0.1915975,-0.1435120,0.1522768,3.5040926,18.3416284,0.0146383,0.0211739,0.0013996,0.0000941,0.0000058,-0.0000107,1001,50,1
70.4000000,15.5363181,-15.4697878,11.8112700,15.6930597,-15.4598693,11.7945775,-0.1508992,0.1937769,-0.1591417,0.1579397,3.5015758,18.3895087,0.0151084,0.0216507,0.0014046,0.0000973,0.0000050,-0.0000083,1002,50,1
70.5000000,15.5167564,-15.4534894,11.7976607,15.6932061,-15.4335384,11.7804129,-0.1023282,0.2129026,-0.1518746,0.1784097,3.4904297,18.4374232,0.0146803,0.0212104,0.0012308,0.0000915,0.0000045,-0.0000088,1005,50,1
70.6000000,15.4974979,-15.4369697,11.7840554,15.6831505,-15.4121742,11.7560933,-0.0981679,0.2132165,-0.1591855,0.1893768,3.4858249,18.4854797,0.0148185,0.0213495,0.0011119,0.0000920,0.0000038,-0.0000072,1006,50,1
70.7000000,15.4785443,-15.4202288,11.7704545,15.6736464,-15.3907028,11.7402453,-0.0919142,0.2162112,-0.1577750,0.1996226,3.4813516,18.5337494,0.0150311,0.0215631,0.0012750,0.0000924,0.0000038,-0.0000070,1006,50,1
70.8000000,15.4598974,-15.4032670,11.7568581,15.6647518,-15.3691820,11.7339782,-0.0864396,0.2150418,-0.1448856,0.2089272,3.4770399,18.5823500,0.0153583,0.0218913,0.0012483,0.0000929,0.0000031,-0.0000056,1007,50,1
70.9000000,15.4415588,-15.3860845,11.7432667,15.6562762,-15.3477350,11.7193754,-0.0830709,0.2138978,-0.1471703,0.2194198,3.4730751,18.6311909,0.0158400,0.0223740,0.0016057,0.0000934,0.0000030,-0.0000053,1007,50,1
71,15.4235302,-15.3686816,11.7296804,15.5531320,-15.2692065,11.7222321,-0.1838364,0.1423116,-0.0986923,0.1635463,3.1158031,18.6802059,0.0140208,0.0198709,0.0011184,-0.0001720,0.0000232,-0.0000264,1014,51,1
71.1000000,15.4058132,-15.3510585,11.7160995,15.5349436,-15.2545931,11.7123348,-0.1799328,0.1499551,-0.0992534,0.1612277,3.1180169,18.7292809,0.0141503,0.0200000,0.0012234,-0.0001735,0.0000240,-0.0000272,1014,51,1
71.2000000,15.3884095,-15.3332155,11.7025244,15.5171830,-15.2394465,11.6967140,-0.1732504,0.1506838,-0.1028933,0.1594019,3.1199663,18.7784932,0.0143542,0.0202035,0.0011501,-0.0001750,0.0000203,-0.0000230,1015,51,1
71.3000000,15.3713209,-15.3151529,11.6889553,15.5002231,-15.2241995,11.6866885,-0.1659481,0.1542578,-0.0976181,0.1577766,3.1219135,18.8281083,0.0146727,0.0205216,0.0013997,-0.0001766,0.0000208,-0.0000233,1015,51,1
71.4000000,15.3545488,-15.2968709,11.6753925,15.4839129,-15.2093016,11.6940182,-0.1643389,0.1482698,-0.0792963,0.1573225,3.1244445,18.8779588,0.0151456,0.0209941,0.0014046,-0.0001782,0.0000166,-0.0000185,1016,51,1
71.5000000,15.3380949,-15.2783698,11.6618362,15.4687656,-15.1758745,11.6664109,-0.1589726,0.2040667,-0.1520133,0.1661356,3.1109341,18.9278217,0.0147124,0.0205616,0.0012309,-0.0001752,0.0000168,-0.0000189,1019,51,1
71.6000000,15.3219609,-15.2596500,11.6482868,15.4530545,-15.1554336,11.6566135,-0.1566456,0.2063273,-0.1532539,0.1676781,3.1090861,18.9775958,0.0148509,0.0207000,0.0011120,-0.0001754,0.0000138,-0.0000156,1020,51,1
71.7000000,15.3061484,-15.2407116,11.6347445,15.4376585,-15.1346241,11.6414510,-0.1512762,0.2098625,-0.1499948,0.1690989,3.1070579,19.0273974,0.0150639,0.0209130,0.0012750,-0.0001757,0.0000136,-0.0000154,1020,51,1
71.8000000,15.2906589,-15.2215549,11.6212096,15.4228432,-15.1133521,11.6366617,-0.1468066,0.2175738,-0.1392884,0.1715206,3.1047957,19.0772570,0.0153915,0.0212405,0.0012483,-0.0001759,0.0000108,-0.0000122,1021,51,1
71.9000000,15.2754940,-15.2021804,11.6076824,15.4083457,-15.0915541,11.6226374,-0.1431425,0.2183874,-0.1411969,0.1735264,3.1021854,19.1271042,0.0158736,0.0217226,0.0016058,-0.0001761,0.0000103,-0.0000116,1021,51,1
72,15.2606554,-15.1825882,11.5941631,15.4499519,-15.0628922,11.5951171,-0.1351858,0.1569166,-0.1153208,0.2239670,3.3493063,19.1768134,0.0142316,0.0204079,0.0011190,-0.0005425,-0.0000167,-0.0000180,1027,53,1
72.1000000,15.2461446,-15.1627786,11.5806521,15.4367186,-15.0471539,11.5835922,-0.1294795,0.1578496,-0.1151781,0.2229264,3.3546130,19.2264900,0.0143625,0.0205430,0.0012240,-0.0005450,-0.0000178,-0.0000181,1027,53,1
72.2000000,15.2319631,-15.1427521,11.5671497,15.4235752,-15.0316696,11.6050515,-0.1244936,0.1604065,-0.0874930,0.2247022,3.3607354,19.2763791,0.0145678,0.0207526,0.0011506,-0.0005475,-0.0000156,-0.0000150,1028,53,1
72.3000000,15.2181125,-15.1225088,11.5536560,15.4112322,-15.0154170,11.5963818,-0.1223656,0.1646449,-0.0859024,0.2249208,3.3660283,19.3262669,0.0148877,0.0210768,0.0014001,-0.0005500,-0.0000165,-0.0000149,1028,53,1
72.4000000,15.2045944,-15.1020492,11.5401714,15.3994455,-14.9987000,11.5614896,-0.1184118,0.1653969,-0.1222669,0.2215908,3.3709457,19.3761221,0.0153620,0.0215554,0.0014049,-0.0005526,-0.0000135,-0.0000115,1029,53,1
72.5000000,15.1914103,-15.0813735,11.5266962,15.4102947,-14.9811194,11.5427616,-0.0443240,0.1665278,-0.1452376,0.2412869,3.3745569,19.4262803,0.0149263,0.0211117,0.0012312,-0.0005480,-0.0000131,-0.0000122,1032,53,1
72.6000000,15.1785616,-15.0604821,11.5132306,15.4061030,-14.9644271,11.5103875,-0.0429797,0.1641123,-0.1554722,0.2470014,3.3798978,19.4766734,0.0150650,0.0212511,0.0011122,-0.0005483,-0.0000108,-0.0000100,1033,53,1
72.7000000,15.1660499,-15.0393752,11.4997749,15.4018397,-14.9478817,11.4948704,-0.0422859,0.1667959,-0.1548712,0.2529663,3.3855977,19.5269148,0.0152782,0.0214649,0.0012752,-0.0005487,-0.0000108,-0.0000098,1033,53,1
72.8000000,15.1538768,-15.0180534,11.4863295,15.3975030,-14.9313133,11.5086115,-0.0404138,0.1681964,-0.1234305,0.2595651,3.3915680,19.5769594,0.0156060,0.0217934,0.0012485,-0.0005491,-0.0000086,-0.0000077,1034,53,1
72.9000000,15.1420436,-14.9965168,11.4728945,15.3938763,-14.9144366,11.4963634,-0.0321210,0.1693377,-0.1215304,0.2659091,3.3973928,19.6271945,0.0160883,0.0222763,0.0016059,-0.0005495,-0.0000083,-0.0000073,1034,53,1
73,15.1305518,-14.9747659,11.4594702,15.3492590,-14.9856931,11.4814275,-0.1706070,0.2470576,-0.1620252,0.2200781,3.6417670,19.6777744,0.0138847,0.0205224,0.0011182,-0.0000096,0.0000064,-0.0000119,1041,54,1
73.1000000,15.1194030,-14.9528009,11.4460570,15.3323227,-14.9607794,11.4653285,-0.1681182,0.2512146,-0.1599561,0.2139389,3.6393596,19.7283779,0.0140116,0.0206556,0.0012232,-0.0000065,0.0000071,-0.0000121,1041,54,1
73.2000000,15.1085986,-14.9306223,11.4326551,15.3157388,-14.9354266,11.4434607,-0.1629193,0.2548268,-0.1650065,0.2074775,3.6367340,19.7789714,0.0142131,0.0208632,0.0011500,-0.0000034,0.0000063,-0.0000100,1042,54,1
73.3000000,15.0981400,-14.9082305,11.4192647,15.2994544,-14.9099701,11.4268804,-0.1627691,0.2543029,-0.1665996,0.2014660,3.6342442,19.8294980,0.0145290,0.0211854,0.0013995,-0.0000003,0.0000068,-0.0000099,1042,54,1
73.4000000,15.0880286,-14.8856257,11.4058863,15.2832463,-14.8844513,11.3961165,-0.1602438,0.2545261,-0.1844051,0.1954656,3.6318855,19.8799007,0.0149994,0.0216621,0.0014045,0.0000029,0.0000057,-0.0000077,1043,54,1
73.5000000,15.0782659,-14.8628084,11.3925199,15.2905339,-14.8579937,11.3977820,-0.0868812,0.2605364,-0.1094290,0.2123878,3.6273570,19.9302647,0.0145709,0.0212220,0.0012308,-0.0000029,0.0000053,-0.0000081,1046,54,1
73.6000000,15.0688533,-14.8397789,11.3791660,15.2820622,-14.8320715,11.3923751,-0.0829910,0.2585632,-0.1053859,0.2137567,3.6246555,19.9806864,0.0147090,0.0213611,0.0011119,-0.0000024,0.0000044,-0.0000067,1047,54,1
73.7000000,15.0597922,-14.8165377,11.3658247,15.2741334,-14.8063325,11.3818821,-0.0755859,0.2562180,-0.1044743,0.2151839,3.6222833,20.0314635,0.0149217,0.0215747,0.0012750,-0.0000019,0.0000044,-0.0000065,1047,54,1
73.8000000,15.0510840,-14.7930851,11.3524964,15.2664833,-14.7804212,11.3472294,-0.0760333,0.2600126,-0.1319471,0.2158355,3.6198277,20.0822841,0.0152489,0.0219028,0.0012483,-0.0000015,0.0000036,-0.0000052,1048,54,1
73.9000000,15.0427301,-14.7694214,11.3391814,15.2589514,-14.7544844,11.3340546,-0.0746060,0.2587236,-0.1315493,0.2167973,3.6176677,20.1328472,0.0157306,0.0223855,0.0016057,-0.0000010,0.0000035,-0.0000049,1048,54,1
74,15.0347317,-14.7455472,11.3258798,15.3043253,-14.6311299,11.3314324,-0.0245215,0.2988076,-0.0452441,0.2929212,3.1981467,20.1834187,0.0139379,0.0198991,0.0011183,-0.0002658,0.0000240,-0.0000263,1055,55,1
74.1000000,15.0270904,-14.7214628,11.3125921,15.3020030,-14.6011056,11.3269378,-0.0219245,0.3016783,-0.0446475,0.3004473,3.1908024,20.2339830,0.0140675,0.0200282,0.0012233,-0.0002674,0.0000248,-0.0000271,1055,55,1
74.2000000,15.0198074,-14.6971686,11.2993184,15.3001899,-14.5713662,11.3398752,-0.0206324,0.2999773,-0.0278506,0.3099765,3.1841799,20.2844670,0.0142715,0.0202318,0.0011501,-0.0002690,0.0000210,-0.0000229,1056,55,1
74.3000000,15.0128841,-14.6726650,11.2860591,15.2982811,-14.5412692,11.3373312,-0.0175422,0.3019622,-0.0230295,0.3183476,3.1773386,20.3349370,0.0145901,0.0205500,0.0013996,-0.0002706,0.0000214,-0.0000233,1056,55,1
74.4000000,15.0063218,-14.6479525,11.2728143,15.2966158,-14.5108964,11.3309725,-0.0147613,0.3044071,-0.0271045,0.3262474,3.1705019,20.3853838,0.0150631,0.0210226,0.0014046,-0.0002722,0.0000171,-0.0000185,1057,55,1
74.5000000,15.0001218,-14.6230315,11.2595845,15.2957569,-14.5133500,11.3108953,-0.0107536,0.2083397,-0.0913215,0.3194730,3.1990217,20.4357377,0.0146297,0.0205899,0.0012308,-0.0002692,0.0000173,-0.0000189,1060,55,1
74.6000000,14.9942854,-14.5979023,11.2463698,15.2948753,-14.4924995,11.3021171,-0.0070007,0.2088040,-0.0935183,0.3233757,3.2028472,20.4860477,0.0147682,0.0207284,0.0011119,-0.0002694,0.0000143,-0.0000155,1061,55,1
74.7000000,14.9888139,-14.5725655,11.2331705,15.2942246,-14.4714057,11.2929519,-0.0060141,0.2130709,-0.0897871,0.3272351,3.2066034,20.5362365,0.0149813,0.0209414,0.0012750,-0.0002696,0.0000141,-0.0000153,1061,55,1
74.8000000,14.9837086,-14.5470214,11.2199869,15.2938829,-14.4500142,11.2911489,-0.0020845,0.2161339,-0.0797187,0.3326898,3.2104806,20.5863006,0.0153089,0.0212689,0.0012483,-0.0002698,0.0000112,-0.0000121,1062,55,1
74.9000000,14.9789708,-14.5212705,11.2068193,15.2938721,-14.4281790,11.2833857,0.0018680,0.2205699,-0.0755440,0.3371814,3.2139883,20.6363770,0.0157910,0.0217510,0.0016057,-0.0002701,0.0000107,-0.0000116,1062,55,1
75,14.9746016,-14.4953133,11.1936680,15.2105131,-14.4135369,11.2687532,-0.0783993,0.2435481,-0.0855456,0.2607286,2.9651710,20.6865695,0.0133207,0.0193355,0.0011179,-0.0003018,0.0000125,-0.0000264,1070,55,1
75.1000000,14.9706025,-14.4691502,11.1805332,15.2030255,-14.3890865,11.2602833,-0.0713530,0.2454589,-0.0838532,0.2584390,2.9663956,20.7370455,0.0134453,0.0194647,0.0012228,-0.0003022,0.0000126,-0.0000270,1070,55,1
75.2000000,14.9669745,-14.4427816,11.1674151,15.1959784,-14.3644636,11.2482328,-0.0689103,0.2455223,-0.0848608,0.2551627,2.9675804,20.7876792,0.0136443,0.0196682,0.0011497,-0.0003026,0.0000104,-0.0000225,1071,55,1
75.3000000,14.9637189,-14.4162080,11.1543142,15.1892977,-14.3397462,11.2398558,-0.0647033,0.2488272,-0.0826809,0.2530802,2.9689622,20.8383175,0.0139578,0.0199864,0.0013993,-0.0003030,0.0000102,-0.0000227,1071,55,1
75.4000000,14.9608370,-14.3894299,11.1412305,15.1827747,-14.3140699,11.1921886,-0.0613453,0.2547270,-0.1357749,0.2398588,2.9686849,20.8888917,0.0144258,0.0204590,0.0014044,-0.0003034,0.0000079,-0.0000178,1072,55,1
75.5000000,14.9583298,-14.3624478,11.1281645,15.2016265,-14.2671728,11.1504139,0.0184913,0.3220465,-0.2399385,0.2622320,2.9482790,20.9394343,0.0140016,0.0200264,0.0012306,-0.0003026,0.0000084,-0.0000185,1075,55,1
75.6000000,14.9561988,-14.3352620,11.1151163,15.2038703,-14.2346066,11.1243935,0.0265934,0.3288176,-0.2477482,0.2675047,2.9423696,20.9900972,0.0141394,0.0201648,0.0011118,-0.0003027,0.0000069,-0.0000152,1076,55,1
75.7000000,14.9544448,-14.3078732,11.1020863,15.2068503,-14.2017701,11.0995561,0.0330080,0.3279139,-0.2490004,0.2738116,2.9364198,21.0409938,0.0143517,0.0203778,0.0012749,-0.0003027,0.0000067,-0.0000149,1076,55,1
75.8000000,14.9530693,-14.2802817,11.0890747,15.2103719,-14.1688906,11.0704254,0.0377751,0.3288920,-0.2554391,0.2809989,2.9306938,21.0921017,0.0146786,0.0207053,0.0012482,-0.0003028,0.0000053,-0.0000118,1077,55,1
75.9000000,14.9520733,-14.2524881,11.0760818,15.2142447,-14.1359128,11.0451602,0.0396800,0.3306659,-0.2498649,0.2885824,2.9251246,21.1432140,0.0151600,0.0211874,0.0016056,-0.0003029,0.0000050,-0.0000112,1077,55,1
76,14.9514579,-14.2244928,11.0631078,15.1192119,-14.1238290,11.0499072,-0.0612223,0.2919429,-0.1654654,0.1960838,2.7023671,21.1942869,0.0128494,0.0188731,0.0011178,-0.0003255,0.0000082,-0.0000257,1085,55,1
76.1000000,14.9512243,-14.1962964,11.0501530,15.1130735,-14.0944997,11.0330967,-0.0615453,0.2946424,-0.1707434,0.1919600,2.7009679,21.2451213,0.0129744,0.0190025,0.0012227,-0.0003259,0.0000083,-0.0000262,1085,55,1
76.2000000,14.9513736,-14.1678994,11.0372177,15.1073364,-14.0651850,11.0311447,-0.0550030,0.2974053,-0.1581822,0.1868463,2.6997517,21.2958255,0.0131739,0.0192063,0.0011496,-0.0003263,0.0000069,-0.0000219,1086,55,1
76.3000000,14.9519069,-14.1393022,11.0243022,15.1020553,-14.0352393,11.0153954,-0.0506195,0.3015078,-0.1568042,0.1829015,2.6981410,21.3466419,0.0134880,0.0195248,0.0013992,-0.0003267,0.0000069,-0.0000220,1086,55,1
76.4000000,14.9528253,-14.1105054,11.0114067,15.0973173,-14.0052355,11.0109534,-0.0449790,0.3012811,-0.1380000,0.1787733,2.6966578,21.3976040,0.0139564,0.0199976,0.0014043,-0.0003270,0.0000053,-0.0000173,1087,55,1
76.5000000,14.9541299,-14.0815094,10.9985315,15.1097535,-13.9778488,11.0067283,0.0113892,0.2915127,-0.1023676,0.1871668,2.6987186,21.4488682,0.0135314,0.0195645,0.0012306,-0.0003263,0.0000056,-0.0000179,1090,55,1
76.6000000,14.9558217,-14.0523149,10.9856768,15.1115087,-13.9490539,11.0168620,0.0220343,0.2897646,-0.0893562,0.1894037,2.6991813,21.5006792,0.0136692,0.0197030,0.0011117,-0.0003264,0.0000046,-0.0000148,1091,55,1
76.7000000,14.9579019,-14.0229222,10.9728430,15.1140005,-13.9198748,11.0079797,0.0278006,0.2938180,-0.0882902,0.1903159,2.6992811,21.5529410,0.0138816,0.0199160,0.0012748,-0.0003264,0.0000045,-0.0000145,1091,55,1
76.8000000,14.9603714,-13.9933321,10.9600302,15.1171894,-13.8906863,11.0218834,0.0346866,0.2941001,-0.0602381,0.1973673,2.6999891,21.6054494,0.0142086,0.0202436,0.0012482,-0.0003265,0.0000036,-0.0000115,1092,55,1
76.9000000,14.9632314,-13.9635449,10.9472387,15.1207545,-13.8612735,11.0158870,0.0366164,0.2941556,-0.0596902,0.1999639,2.7003370,21.6580883,0.0146900,0.0207257,0.0016056,-0.0003265,0.0000034,-0.0000109,1092,55,1
77,14.9664827,-13.9335612,10.9344689,15.0723680,-13.7619102,10.9679886,0.0242493,0.3259024,-0.1630566,0.2044488,2.4202481,21.7107622,0.0124905,0.0184936,0.0011177,-0.0003425,0.0000068,-0.0000248,1100,55,1
77.1000000,14.9701265,-13.9033816,10.9217210,15.0753271,-13.7291503,10.9517373,0.0349325,0.3292973,-0.1619694,0.2057297,2.4169426,21.7638251,0.0126160,0.0186233,0.0012227,-0.0003428,0.0000069,-0.0000253,1100,55,1
77.2000000,14.9741637,-13.8730066,10.9089952,15.0790429,-13.6961595,10.9305275,0.0398852,0.3286867,-0.1667715,0.2067321,2.4134907,21.8172685,0.0128160,0.0188273,0.0011496,-0.0003431,0.0000058,-0.0000212,1101,55,1
77.3000000,14.9785953,-13.8424368,10.8962918,15.0832329,-13.6629956,10.9137432,0.0439153,0.3345918,-0.1689149,0.2084531,2.4101376,21.8707158,0.0131304,0.0191460,0.0013992,-0.0003435,0.0000058,-0.0000213,1101,55,1
77.4000000,14.9834223,-13.8116726,10.8836110,15.0878395,-13.6292865,10.9023169,0.0478533,0.3409183,-0.1639695,0.2109918,2.4064756,21.9239877,0.0135993,0.0196191,0.0014043,-0.0003438,0.0000046,-0.0000167,1102,55,1
77.5000000,14.9886457,-13.7807148,10.8709532,15.1060858,-13.6213505,10.9028639,0.0943717,0.2636779,-0.1023491,0.2005180,2.4296342,21.9772768,0.0131735,0.0191856,0.0012305,-0.0003432,0.0000047,-0.0000173,1105,55,1
77.6000000,14.9942663,-13.7495637,10.8583186,15.1157637,-13.5950180,10.8906977,0.0993246,0.2624668,-0.1026279,0.1992346,2.4339175,22.0307812,0.0133114,0.0193241,0.0011117,-0.0003432,0.0000039,-0.0000143,1106,55,1
77.7000000,15.0002853,-13.7182201,10.8457074,15.1258593,-13.5686827,10.8804845,0.1025874,0.2642388,-0.1016355,0.1983425,2.4384356,22.0843631,0.0135239,0.0195372,0.0012748,-0.0003433,0.0000038,-0.0000140,1106,55,1
77.8000000,15.0067033,-13.6866845,10.8331199,15.1364069,-13.5419233,10.8541554,0.1091514,0.2680724,-0.1187837,0.1955027,2.4425080,22.1380124,0.0138509,0.0198647,0.0012482,-0.0003433,0.0000030,-0.0000111,1107,55,1
77.9000000,15.0135215,-13.6549574,10.8205564,15.1476509,-13.5152981,10.8421143,0.1157269,0.2644309,-0.1220393,0.1948336,2.4470749,22.1919414,0.0143324,0.0203469,0.0016056,-0.0003434,0.0000029,-0.0000105,1107,55,1
78,15.0207406,-13.6230394,10.8080172,15.1505245,-13.4826923,10.8169553,0.1310699,0.2331245,-0.1443081,0.1913663,2.2392276,22.2461059,0.0122178,0.0181797,0.0011177,-0.0003535,0.0000063,-0.0000241,1115,55,1
78.1000000,15.0283616,-13.5909311,10.7955024,15.1637842,-13.4592346,10.8025464,0.1341249,0.2360287,-0.1438711,0.1890315,2.2466885,22.3002587,0.0123437,0.0183095,0.0012226,-0.0003538,0.0000064,-0.0000245,1115,55,1
78.2000000,15.0363853,-13.5586332,10.7830123,15.1775370,-13.4360200,10.8150192,0.1384289,0.2378501,-0.1225286,0.1896899,2.2548768,22.3543589,0.0125440,0.0185138,0.0011496,-0.0003542,0.0000054,-0.0000205,1116,55,1
78.3000000,15.0448127,-13.5261462,10.7705473,15.1916403,-13.4121176,10.8026456,0.1436372,0.2401981,-0.1249439,0.1886562,2.2623167,22.4084935,0.0128588,0.0188327,0.0013991,-0.0003545,0.0000054,-0.0000206,1116,55,1
78.4000000,15.0536445,-13.4934706,10.7581075,15.2062134,-13.3881259,10.7958994,0.1474803,0.2409555,-0.1169593,0.1892169,2.2699515,22.4626643,0.0133280,0.0193060,0.0014043,-0.0003548,0.0000042,-0.0000162,1117,55,1
78.5000000,15.0628816,-13.4606072,10.7456932,15.2084533,-13.3624571,10.7761271,0.1136700,0.2475038,-0.1458708,0.1781875,2.2788027,22.5168855,0.0129016,0.0188721,0.0012305,-0.0003542,0.0000044,-0.0000168,1120,55,1
78.6000000,15.0725248,-13.4275564,10.7333048,15.2201148,-13.3374329,10.7468754,0.1205065,0.2493559,-0.1554036,0.1734625,2.2863596,22.5712632,0.0130395,0.0190106,0.0011117,-0.0003542,0.0000036,-0.0000138,1121,55,1
78.7000000,15.0825749,-13.3943190,10.7209423,15.2324129,-13.3125652,10.7313387,0.1254556,0.2479977,-0.1553300,0.1710064,2.2944286,22.6258496,0.0132521,0.0192237,0.0012748,-0.0003543,0.0000035,-0.0000136,1121,55,1
78.8000000,15.0930328,-13.3608955,10.7086061,15.2450034,-13.2879393,10.7267588,0.1258651,0.2463930,-0.1418239,0.1695499,2.3030112,22.6804257,0.0135791,0.0195513,0.0012482,-0.0003543,0.0000028,-0.0000107,1122,55,1
78.9000000,15.1038993,-13.3272866,10.6962965,15.2575978,-13.2632583,10.7125948,0.1260238,0.2472275,-0.1414557,0.1672977,2.3116823,22.7347332,0.0140607,0.0200335,0.0016056,-0.0003544,0.0000027,-0.0000102,1122,55,1
79,15.1151750,-13.2934928,10.6840137,15.2070040,-13.2138850,10.7139920,0.0859883,0.3379301,-0.1525628,0.1251745,2.1140748,22.7890704,0.0120082,0.0179203,0.0011177,-0.0003600,0.0000060,-0.0000234,1130,55,1
79.1000000,15.1268607,-13.2595149,10.6717579,15.2159222,-13.1797874,10.6989334,0.0923769,0.3440227,-0.1486084,0.1225843,2.1135101,22.8436650,0.0121343,0.0180503,0.0012226,-0.0003603,0.0000061,-0.0000238,1130,55,1
79.2000000,15.1389573,-13.2253533,10.6595294,15.2254398,-13.1450684,10.6682977,0.0993722,0.3448817,-0.1607585,0.1183291,2.1123171,22.8984771,0.0123349,0.0182547,0.0011496,-0.0003606,0.0000051,-0.0000199,1131,55,1
79.3000000,15.1514655,-13.1910089,10.6473285,15.2356084,-13.1107777,10.6520678,0.1040009,0.3409306,-0.1638387,0.1163595,2.1119181,22.9535394,0.0126499,0.0185737,0.0013991,-0.0003609,0.0000051,-0.0000200,1131,55,1
79.4000000,15.1643859,-13.1564821,10.6351554,15.2461475,-13.0765702,10.6420760,0.1064115,0.3446654,-0.1565166,0.1145372,2.1118135,23.0085725,0.0131195,0.0190472,0.0014043,-0.0003612,0.0000040,-0.0000157,1132,55,1
79.5000000,15.1777193,-13.1217737,10.6230103,15.2596696,-13.0353925,10.6365352,0.1234613,0.3637513,-0.1190647,0.1198353,2.1065450,23.0637901,0.0126925,0.0186130,0.0012305,-0.0003607,0.0000042,-0.0000163,1135,55,1
79.6000000,15.1914664,-13.0868844,10.6108936,15.2722839,-12.9988396,10.6286421,0.1285877,0.3682320,-0.1134948,0.1208236,2.1049254,23.1193425,0.0128305,0.0187515,0.0011117,-0.0003607,0.0000034,-0.0000134,1136,55,1
79.7000000,15.2056279,-13.0518146,10.5988054,15.2853482,-12.9618176,10.6173176,0.1326990,0.3722079,-0.1129948,0.1216450,2.1029907,23.1748842,0.0130431,0.0189647,0.0012748,-0.0003607,0.0000034,-0.0000132,1136,55,1
79.8000000,15.2202044,-13.0165652,10.5867460,15.2988880,-12.9240951,10.5867381,0.1389184,0.3790226,-0.1345012,0.1214159,2.1004118,23.2303994,0.0133702,0.0192923,0.0012482,-0.0003608,0.0000027,-0.0000104,1137,55,1
79.9000000,15.2351967,-12.9811368,10.5747157,15.3130879,-12.8860010,10.5732090,0.1450802,0.3828582,-0.1360797,0.1229639,2.0977335,23.2859691,0.0138518,0.0197745,0.0016056,-0.0003608,0.0000025,-0.0000099,1137,55,1
80,15.2506053,-12.9455300,10.5627147,15.3148137,-12.8377062,10.5712529,0.1057278,0.3935914,-0.1183359,0.1257839,1.9148398,23.3416018,0.0118476,0.0177061,0.0011176,-0.0003630,0.0000057,-0.0000227,1145,55,1
80.1000000,15.2664308,-12.9097455,10.5507432,15.3253877,-12.7982533,10.5593961,0.1057534,0.3954664,-0.1187984,0.1264172,1.9110681,23.3970531,0.0119739,0.0178362,0.0012226,-0.0003633,0.0000059,-0.0000231,1145,55,1
80.2000000,15.2826741,-12.8737840,10.5388016,15.3360056,-12.7585328,10.5356113,0.1076203,0.3949275,-0.1276958,0.1270325,1.9071938,23.4522402,0.0121747,0.0180408,0.0011495,-0.0003635,0.0000049,-0.0000193,1146,55,1
80.3000000,15.2993355,-12.8376461,10.5268900,15.3471404,-12.7189736,10.5228092,0.1150760,0.3962568,-0.1283463,0.1280044,1.9037260,23.5075154,0.0124899,0.0183600,0.0013991,-0.0003638,0.0000049,-0.0000194,1146,55,1
80.4000000,15.3164157,-12.8013326,10.5150086,15.3590736,-12.6795113,10.5338960,0.1222775,0.3981505,-0.0936741,0.1304486,1.9006388,23.5630963,0.0129597,0.0188336,0.0014043,-0.0003641,0.0000039,-0.0000152,1147,55,1
80.5000000,15.3339154,-12.7648441,10.5031579,15.3866806,-12.6381415,10.5216590,0.1758220,0.4051620,-0.1034550,0.1384918,1.8958736,23.6190101,0.0125324,0.0183991,0.0012305,-0.0003636,0.0000040,-0.0000158,1150,55,1
80.6000000,15.3518351,-12.7281813,10.4913379,15.4045056,-12.5975978,10.5097495,0.1807669,0.4053661,-0.1059815,0.1420043,1.8919228,23.6751482,0.0126704,0.0185377,0.0011117,-0.0003636,0.0000033,-0.0000130,1151,55,1
80.7000000,15.3701752,-12.6913449,10.4795489,15.4228561,-12.5568095,10.4992952,0.1862426,0.4103995,-0.1031052,0.1458251,1.8879158,23.7313548,0.0128830,0.0187509,0.0012748,-0.0003636,0.0000032,-0.0000128,1151,55,1
80.8000000,15.3889365,-12.6543356,10.4677913,15.4416249,-12.5153954,10.4482554,0.1908118,0.4112695,-0.1472696,0.1498737,1.8833798,23.7876238,0.0132101,0.0190786,0.0012482,-0.0003637,0.0000026,-0.0000101,1152,55,1
80.9000000,15.4081194,-12.6171542,10.4560651,15.4608257,-12.4744062,10.4335114,0.1932034,0.4085150,-0.1476099,0.1538298,1.8795341,23.8439167,0.0136918,0.0195608,0.0016056,-0.0003637,0.0000024,-0.0000096,1152,55,1
81,15.4277244,-12.5798012,10.4443707,15.5055098,-12.4345875,10.4209418,0.2298546,0.3942803,-0.1459939,0.1663926,1.7154083,23.9003242,0.0117244,0.0175291,0.0011176,-0.0003623,0.0000055,-0.0000220,1160,55,1
81.1000000,15.4477521,-12.5422774,10.4327083,15.5286071,-12.3950406,10.4064731,0.2320927,0.3966579,-0.1433800,0.1700133,1.7126686,23.9567752,0.0118509,0.0176593,0.0012225,-0.0003625,0.0000056,-0.0000224,1160,55,1
81.2000000,15.4682028,-12.5045836,10.4210781,15.5520568,-12.3552926,10.3901740,0.2370630,0.3976475,-0.1441254,0.1739952,1.7099391,24.0131912,0.0120518,0.0178640,0.0011495,-0.0003628,0.0000047,-0.0000188,1161,55,1
81.3000000,15.4890772,-12.4667204,10.4094805,15.5758002,-12.3154440,10.3757730,0.2378057,0.3993249,-0.1438943,0.1775996,1.7072747,24.0694954,0.0123673,0.0181833,0.0013991,-0.0003630,0.0000047,-0.0000189,1161,55,1
81.4000000,15.5103757,-12.4286886,10.3979155,15.5996780,-12.2754806,10.3769528,0.2389190,0.4032679,-0.1271009,0.1785693,1.7044652,24.1254155,0.0128372,0.0186570,0.0014042,-0.0003633,0.0000037,-0.0000148,1162,55,1
81.5000000,15.5320987,-12.3904888,10.3863835,15.6133995,-12.2346750,10.3595784,0.2134079,0.4038283,-0.1446277,0.1777816,1.7034725,24.1812475,0.0124096,0.0182224,0.0012305,-0.0003628,0.0000038,-0.0000154,1165,55,1
81.6000000,15.5542467,-12.3521219,10.3748847,15.6347094,-12.1942907,10.3605957,0.2119141,0.4073679,-0.1355527,0.1777333,1.7013168,24.2369182,0.0125476,0.0183610,0.0011117,-0.0003629,0.0000032,-0.0000126,1166,55,1
81.7000000,15.5768201,-12.3135885,10.3634193,15.6561148,-12.1535999,10.3470262,0.2161936,0.4064486,-0.1358385,0.1793119,1.6991859,24.2923336,0.0127602,0.0185741,0.0012748,-0.0003629,0.0000031,-0.0000124,1166,55,1
81.8000000,15.5998193,-12.2748894,10.3519877,15.6777035,-12.1126820,10.3030042,0.2167678,0.4071503,-0.1732996,0.1864848,1.6975792,24.3476018,0.0130874,0.0189018,0.0012482,-0.0003629,0.0000025,-0.0000098,1167,55,1
81.9000000,15.6232447,-12.2360253,10.3405899,15.6995592,-12.0719795,10.2856621,0.2203454,0.4068999,-0.1735431,0.1890820,1.6959612,24.4026786,0.0135691,0.0193841,0.0016056,-0.0003630,0.0000023,-0.0000093,1167,55,1
82,15.6470967,-12.1969970,10.3292262,15.7449498,-12.0343563,10.2998115,0.2054766,0.4284191,-0.0986784,0.1920741,1.5480246,24.4575879,0.0116289,0.0173836,0.0011176,-0.0003585,0.0000052,-0.0000213,1175,55,1
82.1000000,15.6713757,-12.1578052,10.3178970,15.7657139,-11.9916019,10.2896979,0.2098059,0.4266681,-0.1035925,0.1931797,1.5441335,24.5123528,0.0117555,0.0175140,0.0012225,-0.0003587,0.0000053,-0.0000218,1175,55,1
82.2000000,15.6960821,-12.1184506,10.3066023,15.7866973,-11.9488694,10.2830578,0.2095850,0.4291155,-0.0979374,0.1937092,1.5404004,24.5669321,0.0119566,0.0177188,0.0011495,-0.0003589,0.0000044,-0.0000182,1176,55,1
82.3000000,15.7212161,-12.0789341,10.2953426,15.8080511,-11.9059527,10.2733918,0.2174904,0.4292178,-0.0953810,0.1947940,1.5367037,24.6215185,0.0122721,0.0180382,0.0013990,-0.0003592,0.0000045,-0.0000183,1176,55,1
82.4000000,15.7467782,-12.0392563,10.2841178,15.8301373,-11.8629419,10.2740095,0.2237306,0.4330583,-0.0804047,0.1952887,1.5329853,24.6763772,0.0127421,0.0185120,0.0014042,-0.0003594,0.0000035,-0.0000143,1177,55,1
82.5000000,15.7727686,-11.9994180,10.2729284,15.8674868,-11.8180932,10.2817368,0.2714924,0.4416980,-0.0238918,0.2047629,1.5282529,24.7311518,0.0123143,0.0180771,0.0012304,-0.0003590,0.0000036,-0.0000149,1180,55,1
82.6000000,15.7991876,-11.9594201,10.2617746,15.8948879,-11.7740246,10.2836274,0.2763027,0.4406014,-0.0201378,0.2097799,1.5242048,24.7858594,0.0124524,0.0182158,0.0011117,-0.0003590,0.0000030,-0.0000123,1181,55,1
82.7000000,15.8260356,-11.9192632,10.2506565,15.9228024,-11.7297862,10.2817430,0.2819862,0.4441667,-0.0175492,0.2150157,1.5201686,24.8406944,0.0126650,0.0184289,0.0012747,-0.0003590,0.0000029,-0.0000120,1181,55,1
82.8000000,15.8533129,-11.8789482,10.2395744,15.9512936,-11.6853003,10.2588699,0.2886281,0.4423213,-0.0402172,0.2178808,1.5156422,24.8957495,0.0129922,0.0187567,0.0012482,-0.0003590,0.0000023,-0.0000095,1182,55,1
82.9000000,15.8810196,-11.8384757,10.2285286,15.9805632,-11.6410613,10.2550539,0.2967636,0.4424594,-0.0361026,0.2226768,1.5118418,24.9512073,0.0134739,0.0192389,0.0016056,-0.0003591,0.0000022,-0.0000091,1182,55,1
83,15.9091561,-11.7978467,10.2175192,15.9890037,-11.6547987,10.2354719,0.3062141,0.4182032,-0.0307288,0.1648049,1.4281434,25.0067295,0.0115544,0.0172615,0.0011175,-0.0003519,0.0000049,-0.0000207,1190,55,1
83.1000000,15.9377227,-11.7570618,10.2065465,16.0199495,-11.6129223,10.2325378,0.3127013,0.4193253,-0.0279541,0.1679672,1.4266123,25.0622121,0.0116811,0.0173920,0.0012225,-0.0003521,0.0000050,-0.0000211,1190,55,1
83.2000000,15.9667194,-11.7161219,10.1956107,16.0514180,-11.5708034,10.2173658,0.3175465,0.4193415,-0.0428977,0.1696013,1.4247513,25.1178313,0.0118823,0.0175968,0.0011495,-0.0003523,0.0000042,-0.0000176,1191,55,1
83.3000000,15.9961466,-11.6750277,10.1847120,16.0832717,-11.5287439,10.2131210,0.3195281,0.4218474,-0.0419998,0.1726175,1.4233421,25.1733392,0.0121979,0.0179163,0.0013990,-0.0003525,0.0000042,-0.0000177,1191,55,1
83.4000000,16.0260045,-11.6337801,10.1738507,16.1155903,-11.4865856,10.2056631,0.3269904,0.4206982,-0.0486083,0.1752252,1.4219256,25.2288975,0.0126680,0.0183902,0.0014042,-0.0003527,0.0000033,-0.0000139,1192,55,1
83.5000000,16.0562931,-11.5923798,10.1630270,16.1460779,-11.4447184,10.1843669,0.3242741,0.4198307,-0.1113772,0.1741281,1.4220887,25.2846609,0.0122400,0.0179552,0.0012304,-0.0003523,0.0000034,-0.0000144,1195,55,1
83.6000000,16.0870128,-11.5508276,10.1522412,16.1787494,-11.4025814,10.1870594,0.3284559,0.4258756,-0.1053721,0.1777775,1.4216383,25.3403630,0.0123781,0.0180938,0.0011117,-0.0003523,0.0000028,-0.0000119,1196,55,1
83.7000000,16.1181637,-11.5091244,10.1414933,16.2117643,-11.3599057,10.1765940,0.3318413,0.4276381,-0.1039360,0.1796089,1.4205288,25.3959298,0.0125907,0.0183070,0.0012747,-0.0003524,0.0000028,-0.0000117,1196,55,1
83.8000000,16.1497459,-11.4672710,10.1307837,16.2451732,-11.3172634,10.1547984,0.3367324,0.4235316,-0.1174047,0.1794027,1.4193464,25.4515688,0.0129179,0.0186348,0.0012482,-0.0003524,0.0000022,-0.0000092,1197,55,1
83.9000000,16.1817596,-11.4252681,10.1201126,16.2789637,-11.2746895,10.1430037,0.3390789,0.4279454,-0.1184888,0.1806835,1.4186193,25.5071671,0.0133996,0.0191170,0.0016056,-0.0003524,0.0000021,-0.0000088,1197,55,1
84,16.2142049,-11.3831165,10.1094802,16.3519988,-11.2204768,10.1231404,0.3460492,0.4283211,-0.1129468,0.2136012,1.2846564,25.5627090,0.0114958,0.0171633,0.0011175,-0.0003420,0.0000046,-0.0000201,1205,55,1
84.1000000,16.2470819,-11.3408172,10.0988867,16.3869485,-11.1777739,10.1119088,0.3529441,0.4257363,-0.1116850,0.2152101,1.2838507,25.6185407,0.0116225,0.0172938,0.0012225,-0.0003421,0.0000047,-0.0000204,1205,55,1
84.2000000,16.2803906,-11.2983709,10.0883324,16.4223112,-11.1346912,10.0809644,0.3556559,0.4300200,-0.1264262,0.2167644,1.2827168,25.6744540,0.0118238,0.0174988,0.0011494,-0.0003423,0.0000039,-0.0000171,1206,55,1
84.3000000,16.3141313,-11.2557784,10.0778174,16.4581737,-11.0914969,10.0684763,0.3615928,0.4338643,-0.1233342,0.2186867,1.2817383,25.7303110,0.0121395,0.0178183,0.0013990,-0.0003425,0.0000039,-0.0000172,1206,55,1
84.4000000,16.3483038,-11.2130406,10.0673420,16.4946715,-11.0483556,10.0729473,0.3676370,0.4321515,-0.0973526,0.2203998,1.2809594,25.7863813,0.0126096,0.0182923,0.0014042,-0.0003427,0.0000031,-0.0000135,1207,55,1
84.5000000,16.3829084,-11.1701582,10.0569063,16.5050088,-10.9954343,10.0731382,0.2900210,0.4605260,-0.0619256,0.2137766,1.2717270,25.8425529,0.0121815,0.0178572,0.0012304,-0.0003423,0.0000032,-0.0000140,1210,55,1
84.6000000,16.4179451,-11.1271322,10.0465107,16.5344000,-10.9493302,10.0774407,0.2973125,0.4637040,-0.0537455,0.2147836,1.2689387,25.8987953,0.0123196,0.0179958,0.0011116,-0.0003423,0.0000026,-0.0000115,1211,55,1
84.7000000,16.4534138,-11.0839634,10.0361553,16.5643479,-10.9029249,10.0721542,0.3016456,0.4644030,-0.0519833,0.2153538,1.2658637,25.9551875,0.0125323,0.0182090,0.0012747,-0.0003424,0.0000026,-0.0000113,1211,55,1
84.8000000,16.4893146,-11.0406526,10.0258403,16.5946193,-10.8562847,10.0894299,0.3030509,0.4716040,-0.0246208,0.2216398,1.2636981,26.0113877,0.0128595,0.0185368,0.0012482,-0.0003424,0.0000020,-0.0000089,1212,55,1
84.9000000,16.5256475,-10.9972006,10.0155660,16.6253081,-10.8091679,10.0869631,0.3107261,0.4707324,-0.0247141,0.2244684,1.2605345,26.0675623,0.0133412,0.0190190,0.0016056,-0.0003424,0.0000019,-0.0000085,1212,55,1
85,16.5624125,-10.9536083,10.0053326,16.6433868,-10.7791441,10.0522626,0.3494570,0.5162270,-0.0962091,0.1979824,1.1609008,26.1240157,0.0114498,0.0170813,0.0011175,-0.0003299,0.0000042,-0.0000194,1220,55,1
85.1000000,16.5996096,-10.9098765,9.9951402,16.6785776,-10.7275434,10.0427597,0.3543591,0.5157862,-0.0938494,0.2043255,1.1527604,26.1806308,0.0115766,0.0172119,0.0012224,-0.0003301,0.0000043,-0.0000197,1220,55,1
85.2000000,16.6372386,-10.8660062,9.9849891,16.7140867,-10.6759215,10.0378652,0.3555412,0.5179481,-0.0905943,0.2117397,1.1449418,26.2371537,0.0117779,0.0174170,0.0011494,-0.0003302,0.0000036,-0.0000165,1221,55,1
85.3000000,16.6752997,-10.8219981,9.9748795,16.7498974,-10.6239847,10.0286650,0.3606711,0.5207880,-0.0934092,0.2183277,1.1367742,26.2934989,0.0120937,0.0177366,0.0013990,-0.0003304,0.0000036,-0.0000166,1221,55,1
85.4000000,16.7137927,-10.7778531,9.9648116,16.7862482,-10.5714831,9.9742638,0.3681612,0.5208998,-0.1544467,0.2189240,1.1267960,26.3499981,0.0125639,0.0182106,0.0014042,-0.0003305,0.0000028,-0.0000130,1222,55,1
85.5000000,16.7527175,-10.7335721,9.9547856,16.8279240,-10.5488247,9.9817391,0.3898531,0.4314114,-0.0693668,0.2012812,1.1492938,26.4068748,0.0121357,0.0177754,0.0012304,-0.0003303,0.0000029,-0.0000135,1225,55,1
85.6000000,16.7920740,-10.6891559,9.9448017,16.8671411,-10.5052375,9.9464801,0.3957140,0.4347031,-0.0883076,0.1986551,1.1497039,26.4639689,0.0122738,0.0179140,0.0011116,-0.0003303,0.0000024,-0.0000111,1226,55,1
85.7000000,16.8318622,-10.6446054,9.9348601,16.9070393,-10.4616460,9.9376645,0.4022494,0.4371275,-0.0880050,0.1978222,1.1506065,26.5211532,0.0124865,0.0181272,0.0012747,-0.0003303,0.0000024,-0.0000109,1226,55,1
85.8000000,16.8720819,-10.5999216,9.9249611,16.9475508,-10.4179722,9.9405706,0.4076317,0.4379523,-0.0727377,0.1975975,1.1516670,26.5784950,0.0128137,0.0184550,0.0012482,-0.0003303,0.0000019,-0.0000086,1227,55,1
85.9000000,16.9127330,-10.5551051,9.9151048,16.9885016,-10.3742646,9.9332735,0.4113851,0.4361986,-0.0732050,0.1969118,1.1527484,26.6359285,0.0132954,0.0189373,0.0016056,-0.0003303,0.0000018,-0.0000082,1227,55,1
86,16.9538154,-10.5101570,9.9052914,17.0802696,-10.3426894,9.9095619,0.4256814,0.4416293,-0.1142019,0.2098911,1.0621761,26.6933320,0.0114140,0.0170171,0.0011175,-0.0003157,0.0000039,-0.0000188,1235,55,1
86.1000000,16.9953288,-10.4650781,9.8955212,17.1229273,-10.2982695,9.8982726,0.4274724,0.4467703,-0.1115839,0.2100335,1.0625142,26.7505238,0.0115408,0.0171478,0.0012224,-0.0003158,0.0000040,-0.0000192,1235,55,1
86.2000000,17.0372732,-10.4198694,9.8857943,17.1658161,-10.2535789,9.8977502,0.4296945,0.4499958,-0.1024132,0.2105202,1.0627979,26.8074234,0.0117422,0.0173529,0.0011494,-0.0003159,0.0000033,-0.0000160,1236,55,1
86.3000000,17.0796483,-10.3745316,9.8761109,17.2087695,-10.2084896,9.8874952,0.4293721,0.4517890,-0.1026856,0.2106461,1.0627134,26.8639654,0.0120580,0.0176726,0.0013990,-0.0003160,0.0000033,-0.0000161,1236,55,1
86.4000000,17.1224540,-10.3290656,9.8664713,17.2520641,-10.1633668,9.8774123,0.4365125,0.4507089,-0.1032478,0.2106528,1.0627178,26.9204390,0.0125283,0.0181467,0.0014042,-0.0003162,0.0000026,-0.0000126,1237,55,1
86.5000000,17.1656900,-10.2834725,9.8568757,17.2906957,-10.1180445,9.8623147,0.4231843,0.4500743,-0.1199086,0.2074185,1.0634549,26.9770320,0.0121000,0.0177113,0.0012304,-0.0003159,0.0000027,-0.0000131,1240,55,1
86.6000000,17.2093561,-10.2377530,9.8473241,17.3332114,-10.0725266,9.8363852,0.4276831,0.4576041,-0.1299831,0.2067838,1.0635956,27.0334641,0.0122381,0.0178500,0.0011116,-0.0003159,0.0000022,-0.0000108,1241,55,1
86.7000000,17.2534521,-10.1919080,9.8378169,17.3761794,-10.0265052,9.8232197,0.4316777,0.4628234,-0.1333265,0.2064780,1.0633870,27.0896661,0.0124507,0.0180632,0.0012747,-0.0003160,0.0000022,-0.0000106,1241,55,1
86.8000000,17.2979777,-10.1459385,9.8283543,17.4197450,-9.9803242,9.8142853,0.4395124,0.4613871,-0.1281516,0.2060421,1.0631032,27.1459656,0.0127779,0.0183910,0.0012481,-0.0003160,0.0000017,-0.0000084,1242,55,1
86.9000000,17.3429326,-10.0998454,9.8189364,17.4639536,-9.9340602,9.8015507,0.4446594,0.4638919,-0.1265414,0.2059929,1.0629156,27.2025007,0.0132597,0.0188733,0.0016056,-0.0003160,0.0000016,-0.0000080,1242,55,1
87,17.3883167,-10.0536296,9.8095633,17.4914834,-9.9369683,9.7950572,0.5214650,0.4919165,-0.1306644,0.1564086,1.0132692,27.2590701,0.0113865,0.0169645,0.0011174,-0.0002994,0.0000035,-0.0000183,1250,55,1
87.1000000,17.4341295,-10.0072919,9.8002355,17.5437230,-9.8877335,9.7819699,0.5233251,0.4927800,-0.1310828,0.1632133,1.0102197,27.3155322,0.0115134,0.0170952,0.0012224,-0.0002995,0.0000036,-0.0000186,1250,55,1
87.2000000,17.4803708,-9.9608333,9.7909529,17.5964083,-9.8385557,9.7743726,0.5301072,0.4922194,-0.1232382,0.1693854,1.0073150,27.3720503,0.0117148,0.0173004,0.0011494,-0.0002996,0.0000030,-0.0000156,1251,55,1
87.3000000,17.5270403,-9.9142547,9.7817158,17.6497326,-9.7894414,9.7619011,0.5363779,0.4900659,-0.1261905,0.1761374,1.0047194,27.4288592,0.0120306,0.0176201,0.0013989,-0.0002997,0.0000030,-0.0000156,1251,55,1
87.4000000,17.5741377,-9.8675571,9.7725244,17.7033527,-9.7403054,9.7419842,0.5362668,0.4913856,-0.1366653,0.1839082,1.0024636,27.4855746,0.0125009,0.0180943,0.0014042,-0.0002998,0.0000023,-0.0000123,1252,55,1
87.5000000,17.6216625,-9.8207413,9.7633789,17.7506215,-9.7179853,9.7439534,0.5202634,0.4126715,-0.0768940,0.1660318,1.0272498,27.5420417,0.0120726,0.0176588,0.0012304,-0.0002996,0.0000024,-0.0000127,1255,55,1
87.6000000,17.6696145,-9.7738082,9.7542795,17.8029880,-9.6766991,9.7323239,0.5272048,0.4123195,-0.0800895,0.1664353,1.0330734,27.5986122,0.0122107,0.0177975,0.0011116,-0.0002996,0.0000020,-0.0000105,1256,55,1
87.7000000,17.7179933,-9.7267589,9.7452263,17.8562511,-9.6355586,9.7243681,0.5380569,0.4104920,-0.0790268,0.1669364,1.0391291,27.6556801,0.0124234,0.0180107,0.0012747,-0.0002996,0.0000020,-0.0000103,1256,55,1
87.8000000,17.7667985,-9.6795942,9.7362196,17.9103738,-9.5945925,9.7424881,0.5437464,0.4122529,-0.0542252,0.1669684,1.0453825,27.7131255,0.0127506,0.0183385,0.0012481,-0.0002996,0.0000016,-0.0000081,1257,55,1
87.9000000,17.8160297,-9.6323150,9.7272595,17.9648852,-9.5533978,9.7371259,0.5464802,0.4116413,-0.0530186,0.1687698,1.0517307,27.7705519,0.0132323,0.0188208,0.0016056,-0.0002996,0.0000015,-0.0000077,1257,55,1
88,17.8656864,-9.5849223,9.7183462,18.0321710,-9.5665507,9.7096109,0.5260734,0.4737368,-0.1069608,0.1677228,1.0261896,27.8278693,0.0113644,0.0169234,0.0011174,-0.0002805,0.0000031,-0.0000177,1265,55,1
88.1000000,17.9157684,-9.5374170,9.7094799,18.0849439,-9.5189663,9.6991193,0.5293845,0.4779515,-0.1028720,0.1704938,1.0260770,27.8850472,0.0114913,0.0170541,0.0012224,-0.0002806,0.0000031,-0.0000181,1265,55,1
88.2000000,17.9662751,-9.4898001,9.7006608,18.1379956,-9.4711342,9.6745051,0.5323120,0.4748858,-0.1114839,0.1747011,1.0260574,27.9421895,0.0116927,0.0172593,0.0011494,-0.0002806,0.0000026,-0.0000151,1266,55,1
88.3000000,18.0172060,-9.4420725,9.6918891,18.1915888,-9.4235489,9.6634150,0.5395514,0.4768204,-0.1103196,0.1776605,1.0262234,27.9994934,0.0120086,0.0175791,0.0013989,-0.0002807,0.0000026,-0.0000152,1266,55,1
88.4000000,18.0685608,-9.3942352,9.6831649,18.2457230,-9.3760191,9.6572425,0.5429960,0.4745695,-0.1004742,0.1799729,1.0264545,28.0569714,0.0124789,0.0180533,0.0014042,-0.0002808,0.0000021,-0.0000119,1267,55,1
88.5000000,18.1203390,-9.3462890,9.6744884,18.2741475,-9.3251157,9.6512902,0.4697441,0.4870287,-0.0829562,0.1569826,1.0219712,28.1145636,0.0120505,0.0176178,0.0012304,-0.0002806,0.0000022,-0.0000124,1270,55,1
88.6000000,18.1725400,-9.2982350,9.6658599,18.3213833,-9.2765965,9.6371798,0.4751600,0.4822681,-0.0837557,0.1531179,1.0212437,28.1723949,0.0121887,0.0177564,0.0011116,-0.0002807,0.0000018,-0.0000102,1271,55,1
88.7000000,18.2251634,-9.2500740,9.6572794,18.3690518,-9.2283022,9.6290438,0.4782098,0.4836197,-0.0789635,0.1482401,1.0207270,28.2303697,0.0124013,0.0179697,0.0012747,-0.0002807,0.0000017,-0.0000100,1271,55,1
88.8000000,18.2782086,-9.2018071,9.6487472,18.4171985,-9.1798648,9.6017407,0.4851449,0.4827148,-0.1071406,0.1483552,1.0208868,28.2884195,0.0127285,0.0182975,0.0012481,-0.0002807,0.0000014,-0.0000079,1272,55,1
88.9000000,18.3316752,-9.1534352,9.6402634,18.4660387,-9.1317292,9.5910249,0.4916595,0.4799967,-0.1071769,0.1447382,1.0209217,28.3467342,0.0132103,0.0187798,0.0016056,-0.0002807,0.0000013,-0.0000075,1272,55,1
89,18.3855626,-9.1049593,9.6318283,18.4844178,-9.0745937,9.5729451,0.5590180,0.4869742,-0.1508351,0.1190027,0.9314596,28.4054012,0.0113480,0.0168916,0.0011174,-0.0002598,0.0000027,-0.0000172,1280,55,1
89.1000000,18.4398702,-9.0563802,9.6234419,18.5405753,-9.0259105,9.5579895,0.5641336,0.4866883,-0.1482764,0.1239111,0.9315839,28.4643362,0.0114750,0.0170224,0.0012223,-0.0002599,0.0000027,-0.0000176,1280,55,1
89.2000000,18.4945974,-9.0076991,9.6151045,18.5972523,-8.9773387,9.5513393,0.5690844,0.4868226,-0.1404769,0.1246025,0.9314016,28.5234077,0.0116764,0.0172276,0.0011494,-0.0002599,0.0000023,-0.0000147,1281,55,1
89.3000000,18.5497438,-8.9589168,9.6068163,18.6544720,-8.9284966,9.5375096,0.5753100,0.4900191,-0.1361173,0.1292161,0.9315476,28.5826239,0.0119923,0.0175474,0.0013989,-0.0002600,0.0000023,-0.0000148,1281,55,1
89.4000000,18.6053087,-8.9100343,9.5985773,18.7123651,-8.8796342,9.5244991,0.5825344,0.4873397,-0.1368001,0.1336893,0.9317750,28.6421154,0.0124627,0.0180217,0.0014041,-0.0002600,0.0000018,-0.0000116,1282,55,1
89.5000000,18.6612914,-8.8610526,9.5903878,18.7641115,-8.8278978,9.5134173,0.5635018,0.4974125,-0.1253576,0.1326487,0.9295765,28.7016427,0.0120342,0.0175861,0.0012304,-0.0002599,0.0000019,-0.0000120,1285,55,1
89.6000000,18.7176915,-8.8119727,9.5822480,18.8207159,-8.7782326,9.5044446,0.5684860,0.4965330,-0.1241301,0.1334383,0.9290432,28.7610793,0.0121723,0.0177248,0.0011116,-0.0002599,0.0000015,-0.0000099,1286,55,1
89.7000000,18.7745082,-8.7627955,9.5741580,18.8778523,-8.7283667,9.4920138,0.5742437,0.5007855,-0.1244847,0.1364295,0.9287027,28.8205875,0.0123850,0.0179380,0.0012747,-0.0002599,0.0000015,-0.0000097,1286,55,1
89.8000000,18.8317409,-8.7135220,9.5661179,18.9356269,-8.6783019,9.4757333,0.5813218,0.5000288,-0.1274683,0.1421342,0.9286666,28.8802796,0.0127122,0.0182658,0.0012481,-0.0002599,0.0000012,-0.0000077,1287,55,1
89.9000000,18.8893890,-8.6641532,9.5581280,18.9938856,-8.6283257,9.4629299,0.5838520,0.4994959,-0.1285985,0.1458281,0.9285286,28.9400794,0.0131940,0.0187481,0.0016056,-0.0002599,0.0000011,-0.0000073,1287,55,1
90,18.9474517,-8.6146900,9.5501885,19.0364654,-8.5710599,9.4788693,0.5271861,0.4601596,-0.1104406,0.1221206,0.8454426,28.9999181,0.0113354,0.0168675,0.0011174,-0.0002376,0.0000023,-0.0000166,1295,55,1
90.1000000,19.0059285,-8.5651335,9.5422994,19.0892929,-8.5250519,9.4677964,0.5293633,0.4600006,-0.1110165,0.1187722,0.8488292,29.0597780,0.0114623,0.0169984,0.0012223,-0.0002376,0.0000023,-0.0000169,1295,55,1
90.2000000,19.0648186,-8.5154846,9.5344609,19.1423329,-8.4795041,9.4881425,0.5303782,0.4586903,-0.0850030,0.0972032,0.8505990,29.1194474,0.0116638,0.0172036,0.0011493,-0.0002376,0.0000019,-0.0000142,1296,55,1
90.3000000,19.1241213,-8.4657444,9.5266732,19.1958612,-8.4337975,9.4797856,0.5401885,0.4554408,-0.0821356,0.0914640,0.8543139,29.1793606,0.0119797,0.0175235,0.0013989,-0.0002376,0.0000019,-0.0000142,1296,55,1
90.4000000,19.1838358,-8.4159138,9.5189365,19.2503180,-8.3882206,9.4775154,0.5488216,0.4570202,-0.0716904,0.0830813,0.8579949,29.2398414,0.0124501,0.0179978,0.0014041,-0.0002376,0.0000015,-0.0000112,1297,55,1
90.5000000,19.2439616,-8.3659937,9.5112509,19.3249030,-8.3232385,9.4616129,0.6112752,0.5167874,-0.1038977,0.1041320,0.8440685,29.3004854,0.0120216,0.0175621,0.0012304,-0.0002376,0.0000016,-0.0000116,1300,55,1
90.6000000,19.3044977,-8.3159853,9.5036166,19.3861849,-8.2715507,9.4771769,0.6137485,0.5214545,-0.0937412,0.0966762,0.8413659,29.3609026,0.0121597,0.0177008,0.0011116,-0.0002376,0.0000013,-0.0000095,1301,55,1
90.7000000,19.3654435,-8.2658894,9.4960337,19.4476555,-8.2192039,9.4678209,0.6156632,0.5254809,-0.0933784,0.0986626,0.8391521,29.4209900,0.0123724,0.0179140,0.0012747,-0.0002376,0.0000013,-0.0000094,1301,55,1
90.8000000,19.4267982,-8.2157072,9.4885025,19.5093891,-8.1667219,9.4475943,0.6191868,0.5228604,-0.1044243,0.1043758,0.8373447,29.4809596,0.0126996,0.0182418,0.0012481,-0.0002376,0.0000010,-0.0000074,1302,55,1
90.9000000,19.4885609,-8.1654395,9.4810229,19.5716767,-8.1145225,9.4373150,0.6265642,0.5211270,-0.1011612,0.1068230,0.8355365,29.5411850,0.0131814,0.0187242,0.0016056,-0.0002376,0.0000010,-0.0000070,1302,55,1
91,19.5507310,-8.1150874,9.4735953,19.6261742,-8.1095182,9.4292727,0.6285673,0.5245516,-0.0185106,0.0876766,0.8122316,29.6016228,0.0113249,0.0168487,0.0011174,-0.0002142,0.0000019,-0.0000159,1310,55,1
91.1000000,19.6133076,-8.0646519,9.4662197,19.6893461,-8.0571397,9.4273282,0.6348698,0.5230199,-0.0203789,0.0857370,0.8098112,29.6621785,0.0114519,0.0169796,0.0012223,-0.0002142,0.0000019,-0.0000162,1310,55,1
91.2000000,19.6762898,-8.0141341,9.4588964,19.7531575,-8.0047943,9.4292562,0.6412491,0.5248296,-0.0178039,0.0829120,0.8074110,29.7229400,0.0116533,0.0171849,0.0011493,-0.0002142,0.0000016,-0.0000136,1311,55,1
91.3000000,19.7396769,-7.9635348,9.4516254,19.8175478,-7.9520699,9.4276717,0.6465569,0.5296583,-0.0138860,0.0822745,0.8049106,29.7838024,0.0119693,0.0175047,0.0013989,-0.0002142,0.0000016,-0.0000136,1311,55,1
91.4000000,19.8034680,-7.9128551,9.4444069,19.8823904,-7.8991918,9.4365226,0.6501160,0.5294499,0.0012775,0.0804834,0.8022253,29.8446855,0.0124397,0.0179790,0.0014041,-0.0002142,0.0000012,-0.0000107,1312,55,1
91.5000000,19.8676623,-7.8620960,9.4372411,19.9525534,-7.8638437,9.4165991,0.6704524,0.4753580,-0.0731496,0.0873823,0.8184650,29.9056827,0.0120111,0.0175433,0.0012304,-0.0002142,0.0000013,-0.0000111,1315,55,1
91.6000000,19.9322588,-7.8112586,9.4301281,20.0200407,-7.8167137,9.4223347,0.6790408,0.4694176,-0.0698917,0.0882959,0.8220476,29.9670809,0.0121493,0.0176820,0.0011116,-0.0002142,0.0000011,-0.0000091,1316,55,1
91.7000000,19.9972567,-7.7603439,9.4230680,20.0883218,-7.7698003,9.4152680,0.6865810,0.4688505,-0.0714431,0.0918865,0.8261564,30.0289366,0.0123620,0.0178953,0.0012747,-0.0002142,0.0000010,-0.0000090,1316,55,1
91.8000000,20.0626551,-7.7093528,9.4160611,20.1571807,-7.7227956,9.3716058,0.6910787,0.4670824,-0.1103688,0.1053189,0.8313909,30.0910379,0.0126892,0.0182231,0.0012481,-0.0002142,0.0000008,-0.0000071,1317,55,1
91.9000000,20.1284531,-7.6582863,9.4091074,20.2265985,-7.6759661,9.3605398,0.6972778,0.4695065,-0.1109514,0.1109230,0.8359988,30.1532808,0.0131709,0.0187054,0.0016055,-0.0002142,0.0000008,-0.0000067,1317,55,1
92,20.1946497,-7.6071456,9.4022071,20.2781884,-7.6626167,9.3633008,0.6731040,0.5010164,-0.1069113,0.1075614,0.8096251,30.2156032,0.0113166,0.0168349,0.0011174,-0.0001895,0.0000014,-0.0000153,1325,55,1
92.1000000,20.2612441,-7.5559316,9.3953603,20.3457153,-7.6124886,9.3526719,0.6774342,0.5015454,-0.1056673,0.1102560,0.8107312,30.2779652,0.0114436,0.0169658,0.0012223,-0.0001895,0.0000014,-0.0000156,1325,55,1
92.2000000,20.3282353,-7.5046454,9.3885672,20.4136065,-7.5624106,9.3463343,0.6803022,0.5009542,-0.1008293,0.1113943,0.8117574,30.3403313,0.0116451,0.0171711,0.0011493,-0.0001894,0.0000012,-0.0000130,1326,55,1
92.3000000,20.3956223,-7.4532879,9.3818279,20.4817380,-7.5123483,9.3360103,0.6823290,0.5002927,-0.1056508,0.1140320,0.8130703,30.4025656,0.0119610,0.0174910,0.0013989,-0.0001894,0.0000012,-0.0000131,1326,55,1
92.4000000,20.4634041,-7.4018602,9.3751425,20.5502097,-7.4620457,9.3019108,0.6874174,0.5023224,-0.1373441,0.1285316,0.8159989,30.4647185,0.0124314,0.0179653,0.0014041,-0.0001893,0.0000009,-0.0000103,1327,55,1
92.5000000,20.5315799,-7.3503634,9.3685113,20.6082294,-7.3987882,9.2954550,0.6590825,0.5404544,-0.1091405,0.1164360,0.8042270,30.5269781,0.0120029,0.0175295,0.0012303,-0.0001894,0.0000010,-0.0000107,1330,55,1
92.6000000,20.6001485,-7.2987984,9.3619343,20.6743376,-7.3448404,9.2986410,0.6628764,0.5407171,-0.1003847,0.1078421,0.8009314,30.5893216,0.0121410,0.0176683,0.0011116,-0.0001894,0.0000008,-0.0000088,1331,55,1
92.7000000,20.6691091,-7.2471663,9.3554116,20.7408919,-7.2907843,9.2889199,0.6682101,0.5404043,-0.0940375,0.1071282,0.7986692,30.6518007,0.0123537,0.0178815,0.0012747,-0.0001894,0.0000008,-0.0000086,1331,55,1
92.8000000,20.7384605,-7.1954681,9.3489435,20.8080771,-7.2369208,9.2888035,0.6754007,0.5378815,-0.0840416,0.1009040,0.7959282,30.7146076,0.0126809,0.0182093,0.0012481,-0.0001894,0.0000006,-0.0000068,1332,55,1
92.9000000,20.8082017,-7.1437048,9.3425299,20.8758245,-7.1832331,9.2805100,0.6795485,0.5358714,-0.0818274,0.0999090,0.7940728,30.7776826,0.0131627,0.0186916,0.0016055,-0.0001894,0.0000006,-0.0000065,1332,55,1
93,20.8783318,-7.0918776,9.3361712,20.9279470,-7.1966088,9.3016364,0.6741207,0.5031069,-0.0348114,0.1209254,0.7978873,30.8409140,0.0113112,0.0168229,0.0011173,-0.0001638,0.0000010,-0.0000146,1340,55,1
93.1000000,20.9488495,-7.0399873,9.3298673,20.9953964,-7.1458828,9.2981739,0.6748673,0.5114136,-0.0344390,0.1199372,0.7987202,30.9039570,0.0114382,0.0169538,0.0012223,-0.0001637,0.0000010,-0.0000149,1340,55,1
93.2000000,21.0197540,-6.9880351,9.3236185,21.0631400,-7.0945972,9.2877211,0.6801050,0.5127642,-0.0388190,0.1205257,0.7993553,30.9667838,0.0116396,0.0171591,0.0011493,-0.0001637,0.0000008,-0.0000125,1341,55,1
93.3000000,21.0910441,-6.9360220,9.3174248,21.1313249,-7.0431189,9.2838954,0.6835931,0.5168005,-0.0376951,0.1192330,0.7995977,31.0295998,0.0119556,0.0174790,0.0013989,-0.0001636,0.0000008,-0.0000125,1341,55,1
93.4000000,21.1627187,-6.8839491,9.3112864,21.1997936,-6.9913749,9.2682773,0.6858883,0.5164205,-0.0532303,0.1215098,0.8001943,31.0922913,0.0124260,0.0179534,0.0014041,-0.0001635,0.0000006,-0.0000098,1342,55,1
93.5000000,21.2347767,-6.8318173,9.3052035,21.2809427,-6.9246552,9.2484014,0.7273496,0.5632068,-0.1096583,0.1182229,0.7868373,31.1548989,0.0119974,0.0175176,0.0012303,-0.0001636,0.0000007,-0.0000102,1345,55,1
93.6000000,21.3072169,-6.7796278,9.2991760,21.3539166,-6.8684405,9.2458413,0.7320455,0.5623395,-0.1030827,0.1136360,0.7825644,31.2175550,0.0121356,0.0176563,0.0011116,-0.0001636,0.0000005,-0.0000084,1346,55,1
93.7000000,21.3800384,-6.7273815,9.2932042,21.4272581,-6.8122757,9.2354536,0.7347852,0.5609571,-0.1046710,0.1130126,0.7789426,31.2802540,0.0123483,0.0178695,0.0012747,-0.0001636,0.0000005,-0.0000082,1346,55,1
93.8000000,21.4532399,-6.6750796,9.2872882,21.5009612,-6.7563921,9.2237695,0.7392861,0.5565807,-0.1048446,0.1136824,0.7757991,31.3430395,0.0126755,0.0181973,0.0012481,-0.0001636,0.0000004,-0.0000065,1347,55,1
93.9000000,21.5268203,-6.6227230,9.2814282,21.5753595,-6.7006244,9.2132479,0.7486799,0.5587743,-0.1055875,0.1143382,0.7727736,31.4061680,0.0131573,0.0186797,0.0016055,-0.0001636,0.0000004,-0.0000062,1347,55,1
94,21.6007784,-6.5703128,9.2756241,21.6367874,-6.6702474,9.2210201,0.7706223,0.5697618,-0.0835847,0.1194369,0.7399282,31.4697249,0.0113081,0.0168139,0.0011173,-0.0001370,0.0000005,-0.0000139,1355,55,1
94.1000000,21.6751131,-6.5178501,9.2698762,21.7140766,-6.6132215,9.2127907,0.7751624,0.5707565,-0.0810027,0.1177821,0.7353845,31.5335328,0.0114351,0.0169447,0.0012222,-0.0001369,0.0000005,-0.0000142,1355,55,1
94.2000000,21.7498232,-6.4653359,9.2641845,21.7917868,-6.5562351,9.2084866,0.7790135,0.5697617,-0.0784171,0.1145682,0.7306626,31.5974066,0.0116366,0.0171501,0.0011493,-0.0001368,0.0000004,-0.0000119,1356,55,1
94.3000000,21.8249074,-6.4127713,9.2585493,21.8697941,-6.4991710,9.2005571,0.7811319,0.5715183,-0.0801738,0.1133262,0.7262001,31.6611864,0.0119526,0.0174700,0.0013988,-0.0001367,0.0000004,-0.0000119,1356,55,1
94.4000000,21.9003646,-6.3601572,9.2529705,21.9483639,-6.4420441,9.2255268,0.7901114,0.5754122,-0.0360549,0.0988056,0.7197915,31.7250275,0.0124230,0.0179444,0.0014041,-0.0001366,0.0000003,-0.0000093,1357,55,1
94.5000000,21.9761936,-6.3074949,9.2474484,21.9964003,-6.4032161,9.2185618,0.7024548,0.5192553,-0.0489542,0.1020064,0.7341447,31.7891983,0.0119944,0.0175086,0.0012303,-0.0001368,0.0000003,-0.0000097,1360,55,1
94.6000000,22.0523931,-6.2547853,9.2419830,22.0667659,-6.3516501,9.2405249,0.7047186,0.5159152,-0.0330545,0.0979362,0.7348886,31.8535265,0.0121326,0.0176473,0.0011116,-0.0001367,0.0000003,-0.0000080,1361,55,1
94.7000000,22.1289619,-6.2020294,9.2365744,22.1371891,-6.3002092,9.2371653,0.7037448,0.5129028,-0.0341382,0.0985257,0.7364000,31.9176873,0.0123452,0.0178605,0.0012747,-0.0001367,0.0000003,-0.0000079,1361,55,1
94.8000000,22.2058987,-6.1492285,9.2312228,22.2078286,-6.2489035,9.2334307,0.7090469,0.5131679,-0.0320406,0.0997181,0.7381525,31.9817716,0.0126725,0.0181883,0.0012481,-0.0001367,0.0000002,-0.0000062,1362,55,1
94.9000000,22.2832023,-6.0963834,9.2259283,22.2790673,-6.1974911,9.2304303,0.7157287,0.5150794,-0.0279687,0.1012923,0.7398897,32.0460953,0.0131542,0.0186707,0.0016055,-0.0001367,0.0000002,-0.0000059,1362,55,1
95,22.3608713,-6.0434953,9.2206909,22.3808662,-6.1021339,9.2510291,0.8226325,0.5169451,-0.0457457,0.0689833,0.6485202,32.1106470,0.0113053,0.0168053,0.0011173,-0.0001093,0.0000001,-0.0000131,1370,55,1
95.1000000,22.4389046,-5.9905651,9.2155108,22.4633481,-6.0504821,9.2465991,0.8270049,0.5160914,-0.0428542,0.0717914,0.6495915,32.1753570,0.0114323,0.0169362,0.0012222,-0.0001092,0.0000001,-0.0000134,1370,55,1
95.2000000,22.5173008,-5.9375941,9.2103881,22.5463912,-5.9988279,9.2302542,0.8338677,0.5146176,-0.0496018,0.0706434,0.6502343,32.2403451,0.0116338,0.0171415,0.0011493,-0.0001090,0.0000000,-0.0000112,1371,55,1
95.3000000,22.5960587,-5.8845833,9.2053229,22.6300452,-5.9474735,9.2253286,0.8392117,0.5124704,-0.0489097,0.0742327,0.6517152,32.3056609,0.0119498,0.0174614,0.0013988,-0.0001089,0.0000000,-0.0000112,1371,55,1
95.4000000,22.6751767,-5.8315336,9.2003153,22.7143573,-5.8963127,9.2371970,0.8470240,0.5128541,-0.0276767,0.0842123,0.6542099,32.3712783,0.0124203,0.0179358,0.0014041,-0.0001088,0.0000000,-0.0000088,1372,55,1
95.5000000,22.7546538,-5.7784462,9.1953654,22.7597140,-5.8339148,9.2347888,0.7281037,0.5489980,-0.0275909,0.0682391,0.6459876,32.4368454,0.0119916,0.0175000,0.0012303,-0.0001090,0.0000000,-0.0000092,1375,55,1
95.6000000,22.8344885,-5.7253221,9.1904733,22.8328031,-5.7788515,9.2116288,0.7336876,0.5495133,-0.0397377,0.0575828,0.6434876,32.5022613,0.0121298,0.0176387,0.0011116,-0.0001090,0.0000000,-0.0000075,1376,55,1
95.7000000,22.9146794,-5.6721625,9.1856391,22.9065409,-5.7238756,9.2077210,0.7410683,0.5500041,-0.0384184,0.0568163,0.6420738,32.5679351,0.0123425,0.0178520,0.0012747,-0.0001090,0.0000000,-0.0000074,1376,55,1
95.8000000,22.9952252,-5.6189683,9.1808629,22.9806864,-5.6685680,9.1656885,0.7418538,0.5525659,-0.0799465,0.0538680,0.6401673,32.6336291,0.0126697,0.0181798,0.0012481,-0.0001090,0.0000000,-0.0000058,1377,55,1
95.9000000,23.0761245,-5.5657407,9.1761449,23.0550835,-5.6130820,9.1575156,0.7460884,0.5571538,-0.0835118,0.0550542,0.6385103,32.6990896,0.0131515,0.0186621,0.0016055,-0.0001089,0.0000000,-0.0000056,1377,55,1
96,23.1573760,-5.5124807,9.1714850,23.1782108,-5.6174156,9.1524260,0.8127364,0.5158915,-0.0368710,0.1086678,0.6490395,32.7645758,0.0113063,0.0167965,0.0011173,-0.0000815,-0.0000004,-0.0000123,1385,55,1
96.1000000,23.2389782,-5.4591893,9.1668834,23.2595885,-5.5658167,9.1489259,0.8148166,0.5160872,-0.0331293,0.1100757,0.6505573,32.8301222,0.0114334,0.0169274,0.0012222,-0.0000814,-0.0000004,-0.0000126,1385,55,1
96.2000000,23.3209297,-5.4058677,9.1623403,23.3412811,-5.5143264,9.1380836,0.8189904,0.5123220,-0.0367660,0.1129860,0.6524420,32.8957474,0.0116349,0.0171327,0.0011493,-0.0000812,-0.0000003,-0.0000105,1386,55,1
96.3000000,23.4032292,-5.3525169,9.1578556,23.4232584,-5.4630767,9.1346238,0.8205547,0.5126707,-0.0324312,0.1147360,0.6543636,32.9614307,0.0119509,0.0174526,0.0013988,-0.0000811,-0.0000004,-0.0000105,1386,55,1
96.4000000,23.4858751,-5.2991380,9.1534295,23.5052914,-5.4120606,9.1484155,0.8201745,0.5096504,-0.0087939,0.1146893,0.6562136,33.0269324,0.0124214,0.0179270,0.0014041,-0.0000810,-0.0000003,-0.0000083,1387,55,1
96.5000000,23.5688661,-5.2457321,9.1490621,23.6085396,-5.3508358,9.1391870,0.8870404,0.5379530,-0.0397172,0.1127754,0.6486841,33.0923514,0.0119927,0.0174912,0.0012303,-0.0000812,-0.0000003,-0.0000086,1390,55,1
96.6000000,23.6522006,-5.1923002,9.1447534,23.6975501,-5.2969671,9.1255981,0.8931289,0.5381920,-0.0438428,0.1156662,0.6485303,33.1579387,0.0121309,0.0176299,0.0011116,-0.0000812,-0.0000002,-0.0000071,1391,55,1
96.7000000,23.7358773,-5.1388434,9.1405036,23.7871201,-5.2431477,9.1212160,0.8982719,0.5381948,-0.0437981,0.1178017,0.6483112,33.2237339,0.0123436,0.0178432,0.0012747,-0.0000812,-0.0000002,-0.0000069,1391,55,1
96.8000000,23.8198947,-5.0853627,9.1363127,23.8770367,-5.1893248,9.1125610,0.9000467,0.5378673,-0.0440610,0.1209854,0.6483091,33.2895775,0.0126708,0.0181710,0.0012481,-0.0000812,-0.0000002,-0.0000055,1392,55,1
96.9000000,23.9042512,-5.0318594,9.1321809,23.9671847,-5.1355115,9.1080288,0.9029133,0.5383992,-0.0465830,0.1236435,0.6482561,33.3553351,0.0131526,0.0186533,0.0016055,-0.0000811,-0.0000002,-0.0000052,1392,55,1
97,23.9889454,-4.9783343,9.1281081,24.0168114,-5.0462519,9.1143029,0.8814515,0.5656588,-0.0319760,0.0746987,0.5691820,33.4209910,0.0113088,0.0167883,0.0011173,-0.0000539,-0.0000008,-0.0000115,1400,55,1
97.1000000,24.0739758,-4.9247887,9.1240946,24.1049900,-4.9898668,9.1110371,0.8821189,0.5620424,-0.0333396,0.0732635,0.5661949,33.4865236,0.0114359,0.0169191,0.0012222,-0.0000537,-0.0000009,-0.0000118,1400,55,1
97.2000000,24.1593409,-4.8712235,9.1201403,24.1937619,-4.9332667,9.0791756,0.8929502,0.5650460,-0.0526058,0.0819285,0.5643563,33.5523098,0.0116374,0.0171245,0.0011493,-0.0000536,-0.0000007,-0.0000098,1401,55,1
97.3000000,24.2450391,-4.8176399,9.1162454,24.2829669,-4.8768793,9.0740547,0.8911500,0.5627019,-0.0498132,0.0820237,0.5615626,33.6182493,0.0119535,0.0174444,0.0013988,-0.0000534,-0.0000008,-0.0000099,1401,55,1
97.4000000,24.3310690,-4.7640389,9.1124100,24.3720770,-4.8205452,9.0720421,0.8910780,0.5643211,-0.0480639,0.0806485,0.5586344,33.6838058,0.0124240,0.0179187,0.0014041,-0.0000533,-0.0000006,-0.0000077,1402,55,1
97.5000000,24.4174289,-4.7104217,9.1086341,24.4436296,-4.7823084,9.0451022,0.8427070,0.5114345,-0.1300435,0.0994509,0.5761662,33.7492310,0.0119953,0.0174830,0.0012303,-0.0000535,-0.0000006,-0.0000081,1405,55,1
97.6000000,24.5041173,-4.6567892,9.1049177,24.5281696,-4.7313591,9.0400149,0.8481605,0.5084679,-0.1213460,0.1017426,0.5789829,33.8149166,0.0121334,0.0176217,0.0011116,-0.0000535,-0.0000005,-0.0000066,1406,55,1
97.7000000,24.5911327,-4.6031425,9.1012611,24.6132806,-4.6803492,9.0279383,0.8540598,0.5117301,-0.1201868,0.1087549,0.5825961,33.8808629,0.0123461,0.0178349,0.0012747,-0.0000535,-0.0000005,-0.0000065,1406,55,1
97.8000000,24.6784734,-4.5494829,9.0976641,24.6988342,-4.6292633,9.0155646,0.8570103,0.5099503,-0.1186030,0.1162747,0.5863169,33.9469146,0.0126733,0.0181627,0.0012481,-0.0000535,-0.0000004,-0.0000051,1407,55,1
97.9000000,24.7661379,-4.4958112,9.0941271,24.7847948,-4.5780724,9.0037160,0.8622022,0.5138683,-0.1183702,0.1236493,0.5899929,34.0130214,0.0131551,0.0186451,0.0016055,-0.0000534,-0.0000004,-0.0000049,1407,55,1
98,24.8541246,-4.4421286,9.0906499,24.9721706,-4.5477883,9.0629763,0.9020960,0.5276555,-0.0101292,0.1608249,0.5745710,34.0793422,0.0113152,0.0167759,0.0011173,-0.0000266,-0.0000013,-0.0000107,1415,55,1
98.1000000,24.9424320,-4.3884362,9.0872326,25.0628119,-4.4950451,9.0619687,0.9107302,0.5272091,-0.0100235,0.1627730,0.5756498,34.1461101,0.0114423,0.0169067,0.0012222,-0.0000264,-0.0000013,-0.0000109,1415,55,1
98.2000000,25.0310583,-4.3347351,9.0838755,25.1542495,-4.4422524,9.0859216,0.9185022,0.5325938,0.0107504,0.1635245,0.5763655,34.2132573,0.0116439,0.0171121,0.0011493,-0.0000262,-0.0000011,-0.0000091,1416,55,1
98.3000000,25.1200019,-4.2810263,9.0805784,25.2461588,-4.3889633,9.0870794,0.9196840,0.5331880,0.0124070,0.1661573,0.5771970,34.2804346,0.0119600,0.0174319,0.0013988,-0.0000261,-0.0000011,-0.0000091,1416,55,1
98.4000000,25.2092613,-4.2273109,9.0773415,25.3380902,-4.3356780,9.0947658,0.9190274,0.5331871,0.0191063,0.1692452,0.5781967,34.3473217,0.0124305,0.0179063,0.0014041,-0.0000259,-0.0000009,-0.0000072,1417,55,1
98.5000000,25.2988347,-4.1735900,9.0741649,25.4282738,-4.3054120,9.0919647,0.9162639,0.4618320,0.0001333,0.1856027,0.6016286,34.4140194,0.0120017,0.0174705,0.0012303,-0.0000262,-0.0000009,-0.0000075,1420,55,1
98.6000000,25.3887206,-4.1198646,9.0710485,25.5202037,-4.2592014,9.0707187,0.9220443,0.4600191,-0.0088942,0.1915794,0.6090872,34.4808968,0.0121399,0.0176092,0.0011116,-0.0000262,-0.0000008,-0.0000061,1421,55,1
98.7000000,25.4789172,-4.0661360,9.0679926,25.6125146,-4.2132635,9.0699589,0.9241736,0.4587403,-0.0063032,0.1987426,0.6171123,34.5479386,0.0123526,0.0178225,0.0012746,-0.0000262,-0.0000007,-0.0000060,1421,55,1
98.8000000,25.5694229,-4.0124050,9.0649971,25.7051003,-4.1671679,9.0227124,0.9271030,0.4596130,-0.0581530,0.2101140,0.6263793,34.6149485,0.0126798,0.0181503,0.0012481,-0.0000261,-0.0000006,-0.0000048,1422,55,1
98.9000000,25.6602360,-3.9586729,9.0620620,25.7977679,-4.1212511,9.0168042,0.9262503,0.4587223,-0.0600121,0.2177039,0.6345677,34.6817462,0.0131616,0.0186326,0.0016055,-0.0000261,-0.0000006,-0.0000045,1422,55,1
99,25.7513548,-3.9049406,9.0591876,25.9512749,-4.0000096,9.0120762,0.9807420,0.4950285,0.0078884,0.2263308,0.5516364,34.7480613,0.0113250,0.0167609,0.0011172,0.0000012,-0.0000018,-0.0000099,1430,55,1
99.1000000,25.8427776,-3.8512093,9.0563737,26.0494907,-3.9505813,9.0130059,0.9835728,0.4935382,0.0107043,0.2334220,0.5574871,34.8141148,0.0114522,0.0168918,0.0012221,0.0000014,-0.0000018,-0.0000101,1430,55,1
99.2000000,25.9345028,-3.7974801,9.0536206,26.1479072,-3.9012362,9.0044775,0.9845101,0.4919929,-0.0014857,0.2423258,0.5642015,34.8800892,0.0116538,0.0170971,0.0011492,0.0000016,-0.0000015,-0.0000084,1431,55,1
99.3000000,26.0265285,-3.7437540,9.0509282,26.2465077,-3.8520386,9.0044991,0.9874993,0.4919594,0.0019168,0.2495437,0.5703513,34.9459732,0.0119699,0.0174169,0.0013988,0.0000018,-0.0000015,-0.0000084,1431,55,1
99.4000000,26.1188530,-3.6900321,9.0482965,26.3454094,-3.8028100,9.0399967,0.9911430,0.4959183,0.0531650,0.2532104,0.5749494,35.0118682,0.0124405,0.0178912,0.0014041,0.0000020,-0.0000012,-0.0000066,1432,55,1
99.5000000,26.2114747,-3.6363155,9.0457257,26.4389683,-3.7357859,9.0203367,0.9819004,0.5522030,-0.0404522,0.2495842,0.5635581,35.0779432,0.0120116,0.0174555,0.0012303,0.0000017,-0.0000012,-0.0000069,1435,55,1
99.6000000,26.3043917,-3.5826053,9.0432158,26.5374492,-3.6804758,9.0145292,0.9876792,0.5537902,-0.0357486,0.2543960,0.5642568,35.1443572,0.0121498,0.0175942,0.0011115,0.0000017,-0.0000010,-0.0000057,1436,55,1
99.7000000,26.3976024,-3.5289025,9.0407669,26.6365923,-3.6251881,9.0111755,0.9951835,0.5519637,-0.0313250,0.2593506,0.5650575,35.2111915,0.0123625,0.0178075,0.0012746,0.0000017,-0.0000010,-0.0000056,1436,55,1
99.8000000,26.4911049,-3.4752082,9.0383789,26.7362824,-3.5701260,9.0245721,0.9988294,0.5504355,-0.0112028,0.2632718,0.5655795,35.2783677,0.0126897,0.0181353,0.0012481,0.0000017,-0.0000008,-0.0000044,1437,55,1
99.9000000,26.5848974,-3.4215236,9.0360521,26.8361584,-3.5153747,9.0235056,0.9986914,0.5445921,-0.0101273,0.2685098,0.5669734,35.3455729,0.0131715,0.0186176,0.0016055,0.0000018,-0.0000008,-0.0000042,1437,55,1
100,26.6789783,-3.3678496,9.0337863,26.9294776,-3.4114138,9.0028794,0.9140924,0.5784409,-0.0712690,0.2561308,0.4934389,35.4128903,0.0113383,0.0167398,0.0011172,0.0000276,-0.0000022,-0.0000090,1445,55,1
100.1000000,26.7733456,-3.3141874,9.0315816,27.0210976,-3.3535903,8.9958865,0.9183074,0.5780293,-0.0685906,0.2533926,0.4887202,35.4804445,0.0114654,0.0168706,0.0012221,0.0000278,-0.0000023,-0.0000091,1445,55,1
100.2000000,26.8679976,-3.2605380,9.0294382,27.1132495,-3.2959271,8.9872799,0.9246718,0.5749973,-0.0691464,0.2513528,0.4844451,35.5482990,0.0116671,0.0170759,0.0011492,0.0000280,-0.0000019,-0.0000076,1446,55,1
100.3000000,26.9629325,-3.2069026,9.0273559,27.2057681,-3.2383401,8.9805181,0.9257000,0.5767437,-0.0660894,0.2493015,0.4801824,35.6162743,0.0119832,0.0173956,0.0013988,0.0000283,-0.0000019,-0.0000076,1446,55,1
100.4000000,27.0581485,-3.1532821,9.0253350,27.2985197,-3.1808700,8.9695434,0.9292351,0.5722793,-0.0705763,0.2482985,0.4765252,35.6842701,0.0124538,0.0178699,0.0014041,0.0000285,-0.0000015,-0.0000060,1447,55,1
100.5000000,27.1536436,-3.0996777,9.0233754,27.4175460,-3.1588282,8.9774010,1.0131887,0.4666450,-0.0191743,0.2743299,0.5143844,35.7524676,0.0120249,0.0174343,0.0012303,0.0000281,-0.0000016,-0.0000062,1450,55,1
100.6000000,27.2494162,-3.0460905,9.0214771,27.5193609,-3.1122145,8.9812308,1.0232452,0.4661728,-0.0190266,0.2808243,0.5228761,35.8210643,0.0121631,0.0175730,0.0011115,0.0000281,-0.0000013,-0.0000051,1451,55,1
100.7000000,27.3454644,-2.9925215,9.0196402,27.6217654,-3.0656310,8.9794535,1.0248451,0.4654968,-0.0165189,0.2886213,0.5320081,35.8899444,0.0123758,0.0177863,0.0012746,0.0000281,-0.0000013,-0.0000050,1451,55,1
100.8000000,27.4417862,-2.9389718,9.0178648,27.7244551,-3.0191830,8.9912751,1.0291637,0.4643231,-0.0018805,0.2950297,0.5404288,35.9588776,0.0127031,0.0181141,0.0012481,0.0000282,-0.0000010,-0.0000040,1452,55,1
100.9000000,27.5383799,-2.8854425,9.0161508,27.8274212,-2.9728355,8.9908507,1.0301589,0.4626267,-0.0066077,0.3030223,0.5497175,36.0277937,0.0131848,0.0185964,0.0016055,0.0000282,-0.0000010,-0.0000038,1452,55,1
101,27.6352435,-2.8319346,9.0144984,27.9043487,-2.8892380,8.9904578,1.0059054,0.5584739,-0.0230388,0.2761870,0.4875549,36.0968863,0.0113550,0.0167124,0.0011172,0.0000521,-0.0000026,-0.0000081,1460,55,1
101.1000000,27.7323752,-2.7784493,9.0129075,28.0051239,-2.8334651,8.9883252,1.0095981,0.5569840,-0.0196141,0.2793257,0.4874186,36.1663469,0.0114822,0.0168431,0.0012221,0.0000523,-0.0000027,-0.0000082,1460,55,1
101.2000000,27.8297732,-2.7249875,9.0113782,28.1062460,-2.7780710,8.9876380,1.0128779,0.5509998,-0.0105819,0.2825220,0.4875988,36.2360908,0.0116839,0.0170483,0.0011492,0.0000525,-0.0000022,-0.0000069,1461,55,1
101.3000000,27.9274354,-2.6715505,9.0099105,28.2076817,-2.7230417,8.9866297,1.0158343,0.5495874,-0.0095830,0.2858869,0.4881471,36.3060638,0.0120001,0.0173680,0.0013987,0.0000527,-0.0000023,-0.0000069,1461,55,1
101.4000000,28.0253600,-2.6181392,9.0085044,28.3094492,-2.6680891,8.9739352,1.0192191,0.5485679,-0.0262726,0.2905111,0.4894961,36.3761116,0.0124708,0.0178422,0.0014040,0.0000529,-0.0000018,-0.0000054,1462,55,1
101.5000000,28.1235452,-2.5647547,9.0071600,28.4052263,-2.6004647,8.9756687,1.0016294,0.5890739,-0.0086202,0.2856767,0.4762237,36.4460929,0.0120418,0.0174067,0.0012303,0.0000525,-0.0000018,-0.0000056,1465,55,1
101.6000000,28.2219889,-2.5113981,9.0058772,28.5059130,-2.5415590,8.9881840,1.0124685,0.5901460,-0.0005735,0.2860693,0.4721414,36.5163331,0.0121799,0.0175454,0.0011115,0.0000526,-0.0000015,-0.0000046,1466,55,1
101.7000000,28.3206892,-2.4580705,9.0046562,28.6073982,-2.4824673,8.9882317,1.0172349,0.5916881,0.0015284,0.2882135,0.4689032,36.5870190,0.0123927,0.0177587,0.0012746,0.0000526,-0.0000015,-0.0000045,1466,55,1
101.8000000,28.4196443,-2.4047729,9.0034970,28.7091882,-2.4233221,9.0055092,1.0188912,0.5922008,0.0200732,0.2901445,0.4654590,36.6577244,0.0127199,0.0180865,0.0012481,0.0000526,-0.0000012,-0.0000036,1467,55,1
101.9000000,28.5188521,-2.3515064,9.0023995,28.8110260,-2.3642920,9.0074445,1.0178641,0.5884001,0.0186311,0.2924970,0.4623325,36.7282431,0.0132017,0.0185688,0.0016055,0.0000527,-0.0000011,-0.0000034,1467,55,1
102,28.6183107,-2.2982721,9.0013638,28.8508317,-2.3495672,8.9830281,0.9258653,0.5708538,-0.0754571,0.2388166,0.4399560,36.7986512,0.0113761,0.0166769,0.0011172,0.0000743,-0.0000030,-0.0000071,1475,55,1
102.1000000,28.7180182,-2.2450710,9.0003900,28.9434616,-2.2925351,8.9753831,0.9267339,0.5697883,-0.0774431,0.2317389,0.4334397,36.8689871,0.0115033,0.0168075,0.0012221,0.0000745,-0.0000030,-0.0000073,1475,55,1
102.2000000,28.8179726,-2.1919043,8.9994779,29.0362295,-2.2357308,8.9900413,0.9296051,0.5686312,-0.0544546,0.2228136,0.4261447,36.9393081,0.0117051,0.0170127,0.0011492,0.0000747,-0.0000025,-0.0000061,1476,55,1
102.3000000,28.9181719,-2.1387729,8.9986277,29.1295144,-2.1789832,8.9845617,0.9360924,0.5663212,-0.0551375,0.2155930,0.4197775,37.0099079,0.0120213,0.0173323,0.0013987,0.0000749,-0.0000026,-0.0000061,1476,55,1
102.4000000,29.0186142,-2.0856780,8.9978394,29.2231637,-2.1225279,8.9781945,0.9368723,0.5627326,-0.0578224,0.2087687,0.4138405,37.0806771,0.0124921,0.0178065,0.0014040,0.0000751,-0.0000020,-0.0000048,1477,55,1
102.5000000,29.1192974,-2.0326205,8.9971130,29.3452147,-2.0664585,8.9721009,1.0243200,0.5592749,-0.0604294,0.2298027,0.4217036,37.1514181,0.0120630,0.0173711,0.0012302,0.0000747,-0.0000021,-0.0000050,1480,55,1
102.6000000,29.2202195,-1.9796017,8.9964485,29.4478854,-2.0105619,8.9647442,1.0290485,0.5585537,-0.0591521,0.2319384,0.4205171,37.2222980,0.0122011,0.0175098,0.0011115,0.0000747,-0.0000017,-0.0000041,1481,55,1
102.7000000,29.3213786,-1.9266225,8.9958459,29.5508100,-1.9547276,8.9588502,1.0294434,0.5581313,-0.0587277,0.2340883,0.4193631,37.2932125,0.0124139,0.0177230,0.0012746,0.0000748,-0.0000017,-0.0000040,1481,55,1
102.8000000,29.4227726,-1.8736840,8.9953052,29.6538300,-1.8989720,8.9632414,1.0311788,0.5575037,-0.0482967,0.2346382,0.4173567,37.3639967,0.0127411,0.0180508,0.0012481,0.0000748,-0.0000013,-0.0000032,1482,55,1
102.9000000,29.5243995,-1.8207872,8.9948265,29.7570266,-1.8430716,8.9586800,1.0327545,0.5605049,-0.0429313,0.2364710,0.4159184,37.4346906,0.0132229,0.0185331,0.0016055,0.0000748,-0.0000013,-0.0000030,1482,55,1
103,29.6262574,-1.7679333,8.9944097,29.7928341,-1.7909780,9.0130755,1.0116216,0.5447611,0.0908415,0.1691959,0.3619477,37.5052776,0.0114000,0.0166345,0.0011171,0.0000936,-0.0000033,-0.0000062,1490,55,1
103.1000000,29.7283441,-1.7151232,8.9940549,29.8940827,-1.7365673,9.0222274,1.0133505,0.5434529,0.0921975,0.1694781,0.3606910,37.5758051,0.0115273,0.0167651,0.0012221,0.0000938,-0.0000033,-0.0000064,1490,55,1
103.2000000,29.8306576,-1.6623581,8.9937620,29.9956873,-1.6821484,9.0285789,1.0185899,0.5446361,0.0948266,0.1698196,0.3594036,37.6464774,0.0117291,0.0169701,0.0011492,0.0000940,-0.0000028,-0.0000053,1491,55,1
103.3000000,29.9331958,-1.6096390,8.9935311,30.0977381,-1.6275561,9.0382037,1.0224261,0.5472107,0.0976679,0.1714375,0.3585273,37.7173405,0.0120454,0.0172897,0.0013987,0.0000942,-0.0000028,-0.0000053,1491,55,1
103.4000000,30.0359568,-1.5569670,8.9933622,30.2000539,-1.5729265,9.0591664,1.0242470,0.5460462,0.1118840,0.1775183,0.3597650,37.7882246,0.0125161,0.0177638,0.0014040,0.0000944,-0.0000022,-0.0000042,1492,55,1
103.5000000,30.1389385,-1.5043431,8.9932553,30.2950144,-1.5513659,9.0376476,1.0034105,0.4464799,-0.0120990,0.1689423,0.3818576,37.8590506,0.0120870,0.0173286,0.0012302,0.0000940,-0.0000023,-0.0000043,1495,55,1
103.6000000,30.2421388,-1.4517683,8.9932103,30.3953713,-1.5067921,9.0268755,1.0034015,0.4443843,-0.0176175,0.1662563,0.3871534,37.9297571,0.0122252,0.0174673,0.0011115,0.0000941,-0.0000019,-0.0000036,1496,55,1
103.7000000,30.3455555,-1.3992438,8.9932273,30.4958548,-1.4623162,9.0253428,1.0062689,0.4451320,-0.0130362,0.1661307,0.3935159,38.0004271,0.0124379,0.0176805,0.0012746,0.0000941,-0.0000019,-0.0000035,1496,55,1
103.8000000,30.4491867,-1.3467705,8.9933064,30.5963797,-1.4177651,9.0348505,1.0044812,0.4463617,0.0022846,0.1686177,0.4007812,38.0709563,0.0127652,0.0180082,0.0012481,0.0000941,-0.0000015,-0.0000028,1497,55,1
103.9000000,30.5530303,-1.2943495,8.9934474,30.6968647,-1.3730637,9.0352657,1.0052190,0.4476677,0.0060176,0.1692130,0.4069984,38.1412310,0.0132470,0.0184905,0.0016055,0.0000942,-0.0000014,-0.0000026,1497,55,1
104,30.6570841,-1.2419820,8.9936503,30.7526512,-1.2819665,9.0223527,1.0375879,0.4936549,0.0209705,0.1074972,0.3322594,38.2116030,0.0114273,0.0165854,0.0011171,0.0001099,-0.0000035,-0.0000054,1505,55,1
104.1000000,30.7613461,-1.1896688,8.9939153,30.8565902,-1.2328548,9.0245999,1.0411927,0.4885784,0.0239742,0.1089863,0.3353774,38.2823086,0.0115547,0.0167159,0.0012220,0.0001101,-0.0000036,-0.0000055,1505,55,1
104.2000000,30.8658141,-1.1374112,8.9942422,30.9608533,-1.1840320,9.0243206,1.0439231,0.4876533,0.0240508,0.1100485,0.3385180,38.3532357,0.0117566,0.0169209,0.0011492,0.0001103,-0.0000030,-0.0000046,1506,55,1
104.3000000,30.9704860,-1.0852100,8.9946311,31.0653919,-1.1352160,9.0267900,1.0468476,0.4886686,0.0253367,0.1119907,0.3418773,38.4242363,0.0120729,0.0172405,0.0013987,0.0001105,-0.0000030,-0.0000046,1506,55,1
104.4000000,31.0753598,-1.0330664,8.9950819,31.1701375,-1.0863330,9.0149595,1.0475686,0.4882474,0.0086913,0.1105226,0.3439941,38.4952166,0.0125437,0.0177145,0.0014040,0.0001107,-0.0000024,-0.0000036,1507,55,1
104.5000000,31.1804332,-0.9809814,8.9955947,31.2592911,-1.0275093,9.0172107,1.0026777,0.5182296,0.0135092,0.0940779,0.3343221,38.5661719,0.0121144,0.0172794,0.0012302,0.0001103,-0.0000025,-0.0000038,1510,55,1
104.6000000,31.2857043,-0.9289561,8.9961694,31.3597492,-0.9756011,9.0096602,1.0061455,0.5194229,0.0150452,0.0885461,0.3331151,38.6372330,0.0122526,0.0174180,0.0011115,0.0001103,-0.0000020,-0.0000031,1511,55,1
104.7000000,31.3911707,-0.8769914,8.9968060,31.4607927,-0.9236934,9.0112857,1.0147263,0.5187298,0.0174650,0.0850763,0.3324526,38.7087084,0.0124654,0.0176312,0.0012746,0.0001104,-0.0000020,-0.0000030,1511,55,1
104.8000000,31.4968304,-0.8250885,8.9975046,31.5625971,-0.8717215,8.9837633,1.0206203,0.5195907,-0.0184665,0.0817846,0.3317277,38.7806315,0.0127927,0.0179590,0.0012481,0.0001104,-0.0000016,-0.0000024,1512,55,1
104.9000000,31.6026812,-0.7732483,8.9982650,31.6643554,-0.8197333,8.9817836,1.0145462,0.5201740,-0.0211278,0.0789696,0.3310988,38.8522609,0.0132745,0.0184413,0.0016055,0.0001104,-0.0000015,-0.0000023,1512,55,1
105,31.7087210,-0.7214720,8.9990873,31.7545530,-0.7700936,8.9746784,1.0254072,0.5610739,0.0125689,0.0711368,0.3095387,38.9234634,0.0114614,0.0165265,0.0011171,0.0001228,-0.0000037,-0.0000046,1520,55,1
105.1000000,31.8149476,-0.6697605,8.9999715,31.8575125,-0.7139717,8.9759686,1.0337827,0.5613641,0.0132345,0.0658980,0.3047378,38.9949424,0.0115888,0.0166570,0.0012220,0.0001230,-0.0000038,-0.0000047,1520,55,1
105.2000000,31.9213589,-0.6181148,9.0009176,31.9608873,-0.6578573,9.0082813,1.0354047,0.5629942,0.0448065,0.0565349,0.2991013,39.0667100,0.0117908,0.0168619,0.0011491,0.0001232,-0.0000032,-0.0000039,1521,55,1
105.3000000,32.0279526,-0.5665361,9.0019254,32.0646161,-0.6015029,9.0130836,1.0391712,0.5640951,0.0512394,0.0518787,0.2941575,39.1385909,0.0121072,0.0171814,0.0013987,0.0001233,-0.0000032,-0.0000039,1521,55,1
105.4000000,32.1347266,-0.5150253,9.0029950,32.1687691,-0.5450998,8.9825683,1.0426071,0.5624164,0.0057066,0.0498059,0.2895110,39.2106969,0.0125781,0.0176553,0.0014040,0.0001235,-0.0000025,-0.0000030,1522,55,1
105.5000000,32.2416787,-0.4635835,9.0041265,32.2749364,-0.4987547,9.0178473,1.0526156,0.5293937,0.1375946,0.0503125,0.2942837,39.2831374,0.0121486,0.0172203,0.0012302,0.0001232,-0.0000026,-0.0000032,1525,55,1
105.6000000,32.3488067,-0.4122116,9.0053197,32.3802318,-0.4459374,8.9876416,1.0515921,0.5248775,0.1171671,0.0493708,0.2929173,39.3557593,0.0122869,0.0173590,0.0011115,0.0001232,-0.0000021,-0.0000026,1526,55,1
105.7000000,32.4561085,-0.3609108,9.0065746,32.4853420,-0.3935112,8.9993309,1.0506106,0.5236469,0.1166190,0.0443830,0.2912188,39.4282165,0.0124996,0.0175722,0.0012746,0.0001232,-0.0000021,-0.0000026,1526,55,1
105.8000000,32.5635817,-0.3096820,9.0078912,32.5906838,-0.3412821,8.9847170,1.0555267,0.5200851,0.0862129,0.0476459,0.2909352,39.5007294,0.0128269,0.0178999,0.0012481,0.0001233,-0.0000017,-0.0000020,1527,55,1
105.9000000,32.6712243,-0.2585263,9.0092695,32.6964331,-0.2892280,8.9936564,1.0594593,0.5209970,0.0925748,0.0426831,0.2894459,39.5735502,0.0133087,0.0183822,0.0016055,0.0001233,-0.0000016,-0.0000019,1527,55,1
106,32.7790340,-0.2074447,9.0107095,32.8212020,-0.2394405,8.9916895,1.1204295,0.5438108,0.0261014,0.0562462,0.2711210,39.6463934,0.0115001,0.0164582,0.0011171,0.0001320,-0.0000038,-0.0000038,1535,55,1
106.1000000,32.8870086,-0.1564382,9.0122111,32.9332165,-0.1849262,8.9939680,1.1198612,0.5464771,0.0194684,0.0572673,0.2679909,39.7189102,0.0116277,0.0165885,0.0012220,0.0001322,-0.0000039,-0.0000038,1535,55,1
106.2000000,32.9951458,-0.1055079,9.0137742,33.0452250,-0.1303527,8.9857406,1.1197112,0.5444118,0.0163531,0.0625386,0.2656817,39.7911872,0.0118297,0.0167934,0.0011491,0.0001323,-0.0000033,-0.0000032,1536,55,1
106.3000000,33.1034435,-0.0546546,9.0153990,33.1572968,-0.0760497,8.9874121,1.1217248,0.5416481,0.0170764,0.0643522,0.2627737,39.8635015,0.0121462,0.0171127,0.0013986,0.0001325,-0.0000033,-0.0000032,1536,55,1
106.4000000,33.2118993,-0.0038796,9.0170852,33.2695204,-0.0221703,8.9835203,1.1225446,0.5357460,0.0069264,0.0691473,0.2609363,39.9358941,0.0126172,0.0175866,0.0014040,0.0001326,-0.0000026,-0.0000025,1537,55,1
106.5000000,33.3205112,0.0468163,9.0188330,33.3510628,0.0307624,8.9942482,1.0281449,0.5343640,0.0467719,0.0423739,0.2545758,40.0081477,0.0121876,0.0171518,0.0012302,0.0001323,-0.0000027,-0.0000026,1540,55,1
106.6000000,33.4292767,0.0974321,9.0206422,33.4541173,0.0841478,8.9917944,1.0326637,0.5330718,0.0415172,0.0403202,0.2519321,40.0803677,0.0123258,0.0172904,0.0011115,0.0001324,-0.0000022,-0.0000021,1541,55,1
106.7000000,33.5381938,0.1479666,9.0225128,33.5574629,0.1374008,8.9959491,1.0342473,0.5319873,0.0415779,0.0344755,0.2487667,40.1527209,0.0125386,0.0175036,0.0012746,0.0001324,-0.0000022,-0.0000021,1541,55,1
106.8000000,33.6472601,0.1984189,9.0244448,33.6610644,0.1908058,9.0113332,1.0380919,0.5364111,0.0551586,0.0205045,0.2446567,40.2251030,0.0128659,0.0178313,0.0012481,0.0001324,-0.0000017,-0.0000017,1542,55,1
106.9000000,33.7564733,0.2487880,9.0264381,33.7648824,0.2444398,9.0167936,1.0382683,0.5362701,0.0540492,0.0135143,0.2412639,40.2974245,0.0133477,0.0183136,0.0016055,0.0001324,-0.0000016,-0.0000016,1542,55,1
107,33.8658313,0.2990730,9.0284928,33.8007014,0.2970327,9.0332118,1.0598506,0.4694822,0.0174071,0.0653325,0.2322113,40.3695226,0.0115425,0.0163818,0.0011170,0.0001372,-0.0000039,-0.0000030,1550,55,1
107.1000000,33.9753317,0.3492727,9.0306086,33.9066719,0.3437722,9.0348006,1.0595582,0.4653076,0.0143690,0.0690073,0.2365830,40.4414291,0.0116701,0.0165120,0.0012219,0.0001374,-0.0000040,-0.0000031,1550,55,1
107.2000000,34.0849723,0.3993862,9.0327857,34.0125264,0.3902833,9.0294768,1.0571282,0.4646082,0.0114673,0.0730905,0.2411910,40.5131212,0.0118722,0.0167168,0.0011491,0.0001375,-0.0000034,-0.0000026,1551,55,1
107.3000000,34.1947509,0.4494125,9.0350240,34.1183852,0.4366636,9.0307807,1.0600481,0.4629968,0.0146108,0.0775387,0.2459405,40.5847598,0.0121888,0.0170360,0.0013986,0.0001376,-0.0000034,-0.0000026,1551,55,1
107.4000000,34.3046650,0.4993506,9.0373234,34.2244423,0.4827970,9.0254867,1.0608356,0.4594787,0.0055659,0.0827636,0.2510648,40.6565207,0.0126598,0.0175098,0.0014040,0.0001378,-0.0000027,-0.0000020,1552,55,1
107.5000000,34.4147125,0.5491995,9.0396838,34.3371280,0.5544990,9.0387586,1.0853930,0.5381684,0.0565909,0.0777708,0.2296749,40.7284822,0.0122301,0.0170752,0.0012302,0.0001375,-0.0000028,-0.0000021,1555,55,1
107.6000000,34.5248911,0.5989582,9.0421053,34.4457008,0.6083396,9.0457923,1.0861159,0.5386840,0.0587409,0.0798292,0.2265819,40.8005861,0.0123683,0.0172138,0.0011115,0.0001376,-0.0000023,-0.0000017,1556,55,1
107.7000000,34.6351985,0.6486257,9.0445878,34.5544397,0.6618640,9.0516248,1.0886624,0.5318047,0.0579088,0.0821386,0.2237732,40.8727950,0.0125811,0.0174270,0.0012746,0.0001376,-0.0000022,-0.0000017,1556,55,1
107.8000000,34.7456323,0.6982011,9.0471311,34.6631668,0.7152573,9.0436926,1.0854955,0.5357712,0.0391276,0.0842811,0.2209328,40.9448270,0.0129084,0.0177547,0.0012481,0.0001376,-0.0000018,-0.0000013,1557,55,1
107.9000000,34.8561903,0.7476833,9.0497354,34.7715875,0.7688899,9.0475160,1.0829172,0.5368808,0.0373402,0.0872485,0.2181006,41.0163027,0.0133903,0.0182369,0.0016055,0.0001376,-0.0000017,-0.0000013,1557,55,1
108,34.9668703,0.7970714,9.0524004,34.8727250,0.7459789,9.0616747,1.1107905,0.4695369,0.0413498,0.1075164,0.2709128,41.0875851,0.0115908,0.0162937,0.0011170,0.0001385,-0.0000039,-0.0000023,1565,55,1
108.1000000,35.0776698,0.8463643,9.0551262,34.9840424,0.7929558,9.0661283,1.1155569,0.4700012,0.0477231,0.1083495,0.2728555,41.1590980,0.0117185,0.0164239,0.0012219,0.0001386,-0.0000040,-0.0000024,1565,55,1
108.2000000,35.1885865,0.8955612,9.0579128,35.0957894,0.8399516,9.0590564,1.1186921,0.4695103,0.0370742,0.1081899,0.2742940,41.2308728,0.0119207,0.0166285,0.0011491,0.0001387,-0.0000034,-0.0000020,1566,55,1
108.3000000,35.2996183,0.9446610,9.0607599,35.2079384,0.8867793,9.0628641,1.1242877,0.4670440,0.0390804,0.1084432,0.2759293,41.3029606,0.0122374,0.0169476,0.0013986,0.0001388,-0.0000034,-0.0000020,1566,55,1
108.4000000,35.4107627,0.9936628,9.0636677,35.3205481,0.9333056,9.0672241,1.1279218,0.4634895,0.0409450,0.1086016,0.2776488,41.3754595,0.0127085,0.0174213,0.0014040,0.0001389,-0.0000027,-0.0000015,1567,55,1
108.5000000,35.5220174,1.0425655,9.0666359,35.4118370,0.9958635,9.0767737,1.0630872,0.5128283,0.0610759,0.1200982,0.2734867,41.4480470,0.0122786,0.0169868,0.0012302,0.0001387,-0.0000028,-0.0000016,1570,55,1
108.6000000,35.6333801,1.0913682,9.0696647,35.5184577,1.0471358,9.0511711,1.0680296,0.5118605,0.0444631,0.1245218,0.2738482,41.5207343,0.0124169,0.0171255,0.0011115,0.0001388,-0.0000023,-0.0000013,1571,55,1
108.7000000,35.7448485,1.1400700,9.0727538,35.6254069,1.0982456,9.0554268,1.0709534,0.5103355,0.0406512,0.1277334,0.2737545,41.5936561,0.0126297,0.0173386,0.0012746,0.0001388,-0.0000022,-0.0000013,1571,55,1
108.8000000,35.8564202,1.1886699,9.0759033,35.7325762,1.1494861,9.0733707,1.0728265,0.5147037,0.0563869,0.1299197,0.2730381,41.6665796,0.0129570,0.0176663,0.0012481,0.0001388,-0.0000018,-0.0000010,1572,55,1
108.9000000,35.9680929,1.2371669,9.0791131,35.8399085,1.2007772,9.0791365,1.0738195,0.5111184,0.0589292,0.1332496,0.2727781,41.7395089,0.0134389,0.0181485,0.0016055,0.0001388,-0.0000017,-0.0000010,1572,55,1
109,36.0798644,1.2855600,9.0823831,35.9479883,1.2709925,9.0648466,1.0291432,0.4678466,0.0480743,0.1338321,0.2427340,41.8126682,0.0116442,0.0161990,0.0011170,0.0001355,-0.0000039,-0.0000017,1580,55,1
109.1000000,36.1917321,1.3338483,9.0857132,36.0508460,1.3178372,9.0698421,1.0280099,0.4690470,0.0518358,0.1426785,0.2490916,41.8858906,0.0117720,0.0163291,0.0012219,0.0001356,-0.0000039,-0.0000017,1580,55,1
109.2000000,36.3036939,1.3820309,9.0891034,36.1538494,1.3646103,9.0559700,1.0309651,0.4659405,0.0357327,0.1544496,0.2573117,41.9591251,0.0119743,0.0165336,0.0011490,0.0001357,-0.0000033,-0.0000014,1581,55,1
109.3000000,36.4157473,1.4301068,9.0925536,36.2570217,1.4110496,9.0593475,1.0324811,0.4628448,0.0318172,0.1632778,0.2641240,42.0325005,0.0122910,0.0168526,0.0013986,0.0001358,-0.0000033,-0.0000014,1581,55,1
109.4000000,36.5278901,1.4780750,9.0960637,36.3602760,1.4576230,9.0320614,1.0314783,0.4681409,-0.0120458,0.1805797,0.2763483,42.1056741,0.0127623,0.0173262,0.0014039,0.0001358,-0.0000026,-0.0000011,1582,55,1
109.5000000,36.6401198,1.5259345,9.0996337,36.4993454,1.4929193,9.0422518,1.1387827,0.4334803,0.0293382,0.1555638,0.2683843,42.1784807,0.0123322,0.0168919,0.0012301,0.0001357,-0.0000027,-0.0000012,1585,55,1
109.6000000,36.7524341,1.5736845,9.1032634,36.6130161,1.5362118,9.0795464,1.1360093,0.4329646,0.0474873,0.1463013,0.2661279,42.2509596,0.0124705,0.0170305,0.0011115,0.0001357,-0.0000022,-0.0000010,1586,55,1
109.7000000,36.8648306,1.6213240,9.1069529,36.7268337,1.5794079,9.0843615,1.1403432,0.4309589,0.0488144,0.1459811,0.2689079,42.3234378,0.0126833,0.0172437,0.0012745,0.0001357,-0.0000022,-0.0000009,1586,55,1
109.8000000,36.9773070,1.6688521,9.1107020,36.8407248,1.6225678,9.0842919,1.1373383,0.4321774,0.0454601,0.1466098,0.2721194,42.3959010,0.0130106,0.0175714,0.0012480,0.0001357,-0.0000017,-0.0000007,1587,55,1
109.9000000,37.0898610,1.7162677,9.1145107,36.9547826,1.6656912,9.0887690,1.1438174,0.4302916,0.0440819,0.1465155,0.2748555,42.4684241,0.0134925,0.0180536,0.0016055,0.0001357,-0.0000016,-0.0000007,1587,55,1
110,37.2024901,1.7635701,9.1183788,37.1269346,1.7184913,9.1088715,1.1018978,0.5319137,0.0423085,0.0884936,0.2275607,42.5411813,0.0117050,0.0160912,0.0011169,0.0001283,-0.0000037,-0.0000012,1595,55,1
110.1000000,37.3151921,1.8107582,9.1223063,37.2372491,1.7714371,9.1131627,1.1043913,0.5270006,0.0435156,0.0877774,0.2230856,42.6140649,0.0118329,0.0162210,0.0012218,0.0001284,-0.0000038,-0.0000012,1595,55,1
110.2000000,37.4279645,1.8578310,9.1262932,37.3478475,1.8241496,9.1396444,1.1087822,0.5276231,0.0622323,0.0879285,0.2189552,42.6872418,0.0120353,0.0164255,0.0011490,0.0001284,-0.0000031,-0.0000010,1596,55,1
110.3000000,37.5408049,1.9047878,9.1303393,37.4589025,1.8768983,9.1458898,1.1123191,0.5273505,0.0626756,0.0879070,0.2145398,42.7606760,0.0123522,0.0167444,0.0013985,0.0001285,-0.0000032,-0.0000010,1596,55,1
110.4000000,37.6537110,1.9516275,9.1344445,37.5701149,1.9296881,9.1683316,1.1124936,0.5286171,0.0873512,0.0928331,0.2120263,42.8341841,0.0128235,0.0172178,0.0014039,0.0001285,-0.0000025,-0.0000007,1597,55,1
110.5000000,37.7666805,1.9983493,9.1386088,37.7261807,1.9708152,9.1721056,1.2503190,0.4917890,0.0703418,0.0593329,0.2024262,42.9077768,0.0123933,0.0167838,0.0012301,0.0001284,-0.0000026,-0.0000008,1600,55,1
110.6000000,37.8797109,2.0449522,9.1428321,37.8513341,2.0196817,9.1739822,1.2525481,0.4854789,0.0698040,0.0491342,0.1972261,42.9816745,0.0125316,0.0169224,0.0011114,0.0001284,-0.0000021,-0.0000006,1601,55,1
110.7000000,37.9927999,2.0914352,9.1471142,37.9767228,2.0679140,9.1811036,1.2552274,0.4791677,0.0726240,0.0443508,0.1940279,43.0559545,0.0127444,0.0171355,0.0012745,0.0001284,-0.0000021,-0.0000006,1601,55,1
110.8000000,38.1059451,2.1377975,9.1514552,38.1021683,2.1155889,9.2030989,1.2540695,0.4744479,0.0889350,0.0563432,0.1954369,43.1304136,0.0130717,0.0174631,0.0012480,0.0001284,-0.0000016,-0.0000005,1602,55,1
110.9000000,38.2191440,2.1840382,9.1558549,38.2277096,2.1631144,9.2120536,1.2567568,0.4760629,0.0901608,0.0605762,0.1950380,43.2049050,0.0135536,0.0179453,0.0016055,0.0001284,-0.0000016,-0.0000005,1602,55,1
111,38.3323944,2.2301564,9.1603132,38.3468721,2.2034295,9.2134195,1.1532849,0.4405163,0.1587345,0.0611899,0.1861767,43.2794720,0.0117727,0.0159702,0.0011169,0.0001169,-0.0000034,-0.0000007,1610,55,1
111.1000000,38.4456939,2.2761511,9.1648301,38.4623902,2.2475592,9.2292854,1.1570756,0.4420781,0.1585829,0.0724620,0.1915223,43.3541559,0.0119007,0.0161000,0.0012218,0.0001169,-0.0000035,-0.0000007,1610,55,1
111.2000000,38.5590400,2.3220214,9.1694053,38.5784136,2.2919085,9.2261690,1.1624385,0.4447188,0.1431597,0.0671136,0.1906143,43.4290946,0.0121032,0.0163042,0.0011490,0.0001169,-0.0000029,-0.0000006,1611,55,1
111.3000000,38.6724303,2.3677665,9.1740390,38.6945916,2.3363095,9.2404360,1.1611212,0.4433023,0.1421810,0.0767413,0.1950990,43.5040975,0.0124202,0.0166230,0.0013985,0.0001169,-0.0000029,-0.0000006,1611,55,1
111.4000000,38.7858626,2.4133855,9.1787308,38.8106045,2.3805723,9.2656598,1.1594902,0.4420204,0.1593244,0.0961536,0.2043810,43.5789310,0.0128917,0.0170962,0.0014039,0.0001169,-0.0000023,-0.0000004,1612,55,1
111.5000000,38.8993343,2.4588773,9.1834809,38.9203143,2.4382586,9.2757974,1.1402571,0.4812080,0.1361449,0.0968898,0.1957351,43.6536331,0.0124612,0.0166625,0.0012301,0.0001169,-0.0000024,-0.0000005,1615,55,1
111.6000000,39.0128431,2.5042413,9.1882889,39.0342000,2.4863911,9.2772293,1.1370294,0.4813586,0.1300579,0.0931940,0.1917340,43.7280909,0.0125995,0.0168011,0.0011114,0.0001169,-0.0000019,-0.0000004,1616,55,1
111.7000000,39.1263867,2.5494764,9.1931550,39.1480647,2.5345588,9.2903857,1.1402652,0.4819951,0.1330713,0.1007288,0.1932024,43.8024815,0.0128124,0.0170142,0.0012745,0.0001169,-0.0000019,-0.0000004,1616,55,1
111.8000000,39.2399625,2.5945817,9.1980788,39.2623929,2.5825884,9.2975689,1.1461488,0.4785666,0.1275676,0.1026900,0.1918997,43.8772963,0.0131397,0.0173418,0.0012480,0.0001169,-0.0000015,-0.0000003,1617,55,1
111.9000000,39.3535683,2.6395565,9.2030605,39.3771745,2.6304643,9.3103155,1.1494814,0.4789533,0.1273632,0.1101978,0.1937103,43.9525168,0.0136216,0.0178240,0.0016055,0.0001169,-0.0000014,-0.0000003,1617,55,1
112,39.4672016,2.6843998,9.2080997,39.4907541,2.6709211,9.2946740,1.1062073,0.4578915,0.0813916,0.0907276,0.1754262,44.0281322,0.0118457,0.0158406,0.0011169,0.0001009,-0.0000030,-0.0000003,1625,55,1
112.1000000,39.5808600,2.7291107,9.2131966,39.6016633,2.7165509,9.3028502,1.1119760,0.4547047,0.0821321,0.0928886,0.1759077,44.1043261,0.0119738,0.0159702,0.0012218,0.0001008,-0.0000031,-0.0000003,1625,55,1
112.2000000,39.6945411,2.7736884,9.2183508,39.7128159,2.7620051,9.3111380,1.1110792,0.4543798,0.0825815,0.0952886,0.1765674,44.1807386,0.0121764,0.0161743,0.0011490,0.0001008,-0.0000026,-0.0000003,1626,55,1
112.3000000,39.8082426,2.8181319,9.2235624,39.8238063,2.8074954,9.3194553,1.1087296,0.4554246,0.0837651,0.0977283,0.1771545,44.2569291,0.0124935,0.0164930,0.0013985,0.0001008,-0.0000026,-0.0000003,1626,55,1
112.4000000,39.9219620,2.8624405,9.2288312,39.9345766,2.8528327,9.2848527,1.1054406,0.4511976,0.0266066,0.0582224,0.1580106,44.3328634,0.0129651,0.0169661,0.0014039,0.0001007,-0.0000020,-0.0000002,1627,55,1
112.5000000,40.0356970,2.9066132,9.2341571,40.0524871,2.8980849,9.2912960,1.1303082,0.4550403,0.0392097,0.0601621,0.1576786,44.4087158,0.0125344,0.0165326,0.0012301,0.0001008,-0.0000021,-0.0000002,1630,55,1
112.6000000,40.1494451,2.9506492,9.2395401,40.1654999,2.9434385,9.3020415,1.1301576,0.4520531,0.0442945,0.0649321,0.1584425,44.4846133,0.0126727,0.0166711,0.0011114,0.0001008,-0.0000017,-0.0000002,1631,55,1
112.7000000,40.2632039,2.9945477,9.2449799,40.2785708,2.9885003,9.3065726,1.1312608,0.4491820,0.0463277,0.0637681,0.1569743,44.5606193,0.0128856,0.0168842,0.0012745,0.0001008,-0.0000017,-0.0000002,1631,55,1
112.8000000,40.3769711,3.0383077,9.2504765,40.3919692,3.0334542,9.2832212,1.1361011,0.4498351,0.0199458,0.0363416,0.1468625,44.6369372,0.0132130,0.0172118,0.0012480,0.0001008,-0.0000013,-0.0000001,1632,55,1
112.9000000,40.4907442,3.0819284,9.2560298,40.5058047,3.0783326,9.2853666,1.1406090,0.4477315,0.0229623,0.0331723,0.1449073,44.7137220,0.0136949,0.0176940,0.0016055,0.0001008,-0.0000013,-0.0000001,1632,55,1
113,40.6045208,3.1254090,9.2616396,40.7035205,3.0872106,9.2746627,1.1889623,0.4309557,-0.0021797,0.1069095,0.1887086,44.7909192,0.0119269,0.0157044,0.0011168,0.0000808,-0.0000024,-0.0000001,1640,55,1
113.1000000,40.7182986,3.1687486,9.2673059,40.8224180,3.1302280,9.2745275,1.1889891,0.4293924,-0.0005246,0.1112512,0.1912055,44.8683024,0.0120551,0.0158339,0.0012217,0.0000807,-0.0000025,-0.0000001,1640,55,1
113.2000000,40.8320751,3.2119464,9.2730285,40.9413974,3.1729923,9.2767877,1.1906835,0.4258966,-0.0000228,0.1161159,0.1941494,44.9457962,0.0122579,0.0160379,0.0011489,0.0000806,-0.0000021,-0.0000001,1641,55,1
113.3000000,40.9458480,3.2550015,9.2788072,41.0605444,3.2154814,9.2767387,1.1922570,0.4238843,-0.0009556,0.1213318,0.1974636,45.0234578,0.0125751,0.0163564,0.0013985,0.0000805,-0.0000021,-0.0000001,1641,55,1
113.4000000,41.0596148,3.2979131,9.2846421,41.1798039,3.2577392,9.3124879,1.1937489,0.4212978,0.0497515,0.1297489,0.2029424,45.1012975,0.0130469,0.0168294,0.0014039,0.0000805,-0.0000016,-0.0000001,1642,55,1
113.5000000,41.1733731,3.3406804,9.2905330,41.2768710,3.3118975,9.3260591,1.1291800,0.4536094,0.0822079,0.1131477,0.1858246,45.1794518,0.0126159,0.0163961,0.0012301,0.0000806,-0.0000017,-0.0000001,1645,55,1
113.6000000,41.2871205,3.3833025,9.2964796,41.3896855,3.3571361,9.3481335,1.1274526,0.4511758,0.0902768,0.1177811,0.1869587,45.2577570,0.0127543,0.0165346,0.0011114,0.0000806,-0.0000014,-0.0000000,1646,55,1
113.7000000,41.4008547,3.4257786,9.3024820,41.5025244,3.4021967,9.3573652,1.1293239,0.4500359,0.0943570,0.1179194,0.1853280,45.3361253,0.0129671,0.0167477,0.0012745,0.0000806,-0.0000014,-0.0000000,1646,55,1
113.8000000,41.5145732,3.4681079,9.3085400,41.6153381,3.4472517,9.3813382,1.1271999,0.4510727,0.1113616,0.1260481,0.1888245,45.4144837,0.0132945,0.0170753,0.0012480,0.0000806,-0.0000011,-0.0000000,1647,55,1
113.9000000,41.6282737,3.5102896,9.3146535,41.7281182,3.4924240,9.3925307,1.1284013,0.4523734,0.1124874,0.1278787,0.1880909,45.4927348,0.0137765,0.0175574,0.0016054,0.0000806,-0.0000010,-0.0000000,1647,55,1
114,41.7419537,3.5523228,9.3208222,41.8264141,3.5712195,9.4182604,1.1472549,0.4483538,0.0978121,0.1303259,0.1574923,45.5710912,0.0120123,0.0155605,0.0011168,0.0000563,-0.0000018,0.0000000,1655,55,1
114.1000000,41.8556108,3.5942067,9.3270463,41.9412028,3.6160116,9.4281184,1.1485190,0.4474884,0.0993471,0.1342275,0.1585911,45.6495985,0.0121407,0.0156899,0.0012217,0.0000562,-0.0000018,0.0000000,1655,55,1
114.2000000,41.9692427,3.6359405,9.3333253,42.0562158,3.6605098,9.4147076,1.1511454,0.4424855,0.0764974,0.1216184,0.1458456,45.7283256,0.0123436,0.0158937,0.0011489,0.0000561,-0.0000015,0.0000000,1656,55,1
114.3000000,42.0828470,3.6775234,9.3396594,42.1714412,3.7046956,9.4224772,1.1533627,0.4412317,0.0788949,0.1242822,0.1459666,45.8073329,0.0126609,0.0162121,0.0013985,0.0000560,-0.0000015,0.0000000,1656,55,1
114.4000000,42.1964211,3.7189547,9.3460483,42.2868830,3.7486776,9.3997887,1.1549733,0.4384189,0.0364990,0.1093382,0.1311677,45.8865659,0.0131328,0.0166849,0.0014039,0.0000558,-0.0000012,0.0000000,1657,55,1
114.5000000,42.3099629,3.7602334,9.3524918,42.4028375,3.7775654,9.4123184,1.1547627,0.3884890,0.0684332,0.1118271,0.1434243,45.9658778,0.0127016,0.0162519,0.0012301,0.0000561,-0.0000012,0.0000000,1660,55,1
114.6000000,42.4234698,3.8013589,9.3589900,42.5185163,3.8163373,9.3980321,1.1584372,0.3869569,0.0560134,0.1038387,0.1391391,46.0453430,0.0128400,0.0163904,0.0011114,0.0000560,-0.0000010,0.0000000,1661,55,1
114.7000000,42.5369395,3.8423302,9.3655425,42.6344223,3.8547968,9.4034421,1.1596825,0.3822324,0.0521848,0.1053313,0.1421862,46.1250691,0.0130529,0.0166035,0.0012745,0.0000560,-0.0000010,0.0000000,1661,55,1
114.8000000,42.6503696,3.8831467,9.3721494,42.7506929,3.8929877,9.4030356,1.1656618,0.3815865,0.0428257,0.1054304,0.1442366,46.2051286,0.0133803,0.0169311,0.0012480,0.0000560,-0.0000008,0.0000000,1662,55,1
114.9000000,42.7637576,3.9238075,9.3788104,42.8670590,3.9310554,9.4073993,1.1616618,0.3797683,0.0444484,0.1074293,0.1476040,46.2852824,0.0138623,0.0174132,0.0016054,0.0000560,-0.0000007,0.0000000,1662,55,1
115,42.8771013,3.9643118,9.3855254,42.9815081,4.0026797,9.4314976,1.1391317,0.4230755,0.1120555,0.1203591,0.1275460,46.3651909,0.0121038,0.0154141,0.0011168,0.0000279,-0.0000009,0.0000000,1670,55,1
115.1000000,42.9903982,4.0046590,9.3922943,43.0950791,4.0450308,9.4427407,1.1322891,0.4239462,0.1128078,0.1230156,0.1284204,46.4446712,0.0122323,0.0155433,0.0012217,0.0000278,-0.0000009,0.0000000,1670,55,1
115.2000000,43.1036459,4.0448481,9.3991169,43.2081976,4.0874340,9.4613684,1.1301722,0.4241156,0.1217168,0.1289180,0.1323515,46.5237377,0.0124353,0.0157471,0.0011489,0.0000276,-0.0000007,0.0000000,1671,55,1
115.3000000,43.2168421,4.0848784,9.4059931,43.3211714,4.1298550,9.4736525,1.1293046,0.4243050,0.1239640,0.1322320,0.1337350,46.6026932,0.0127528,0.0160654,0.0013984,0.0000274,-0.0000007,0.0000000,1671,55,1
115.4000000,43.3299843,4.1247492,9.4129228,43.4339715,4.1722895,9.4628096,1.1265114,0.4243905,0.0928590,0.1247482,0.1242195,46.6814864,0.0132247,0.0165381,0.0014038,0.0000272,-0.0000006,0.0000000,1672,55,1
115.5000000,43.4430702,4.1644597,9.4199058,43.5504004,4.2237925,9.4567527,1.1359728,0.4534368,0.0372448,0.1280541,0.1174484,46.7600218,0.0127933,0.0161053,0.0012300,0.0000276,-0.0000006,0.0000000,1675,55,1
115.6000000,43.5560974,4.2040091,9.4269420,43.6639742,4.2689178,9.4531586,1.1354365,0.4490701,0.0349443,0.1285996,0.1130143,46.8384920,0.0129317,0.0162438,0.0011114,0.0000275,-0.0000005,0.0000000,1676,55,1
115.7000000,43.6690636,4.2433966,9.4340312,43.7776568,4.3137499,9.4565856,1.1382147,0.4475725,0.0335963,0.1313422,0.1111253,46.9171604,0.0131446,0.0164568,0.0012745,0.0000275,-0.0000005,0.0000000,1676,55,1
115.8000000,43.7819663,4.2826216,9.4411732,43.8914199,4.3584120,9.4545246,1.1370158,0.4456702,0.0285111,0.1338004,0.1089246,46.9959503,0.0134721,0.0167844,0.0012480,0.0000275,-0.0000004,0.0000000,1677,55,1
115.9000000,43.8948031,4.3216833,9.4483680,44.0053953,4.4030190,9.4573050,1.1424906,0.4464694,0.0270981,0.1375718,0.1082905,47.0749485,0.0139541,0.0172665,0.0016054,0.0000274,-0.0000004,0.0000000,1677,55,1
116,44.0075718,4.3605808,9.4556154,44.1027747,4.4193849,9.4917819,1.0906784,0.3680453,0.1032367,0.1175991,0.1039947,47.1542208,0.0122001,0.0152653,0.0011167,-0.0000041,0.0000001,-0.0000001,1685,55,1
116.1000000,44.1202699,4.3993135,9.4629152,44.2116547,4.4563147,9.5021537,1.0869214,0.3705516,0.1041981,0.1146297,0.1024487,47.2333365,0.0123287,0.0153944,0.0012216,-0.0000044,0.0000001,-0.0000001,1685,55,1
116.2000000,44.2328951,4.4378807,9.4702673,44.3204997,4.4933606,9.4834290,1.0900403,0.3703159,0.0820182,0.1045266,0.0927275,47.3124108,0.0125318,0.0155981,0.0011489,-0.0000046,0.0000001,-0.0000001,1686,55,1
116.3000000,44.3454450,4.4762815,9.4776715,44.4294031,4.5305055,9.4917937,1.0880291,0.3725814,0.0852752,0.1009388,0.0901485,47.3915516,0.0128494,0.0159162,0.0013984,-0.0000048,0.0000001,-0.0000001,1686,55,1
116.4000000,44.4579173,4.5145153,9.4851276,44.5380481,4.5676254,9.5073354,1.0848578,0.3698247,0.0952481,0.0986651,0.0889556,47.4705023,0.0133215,0.0163888,0.0014038,-0.0000051,0.0000001,-0.0000001,1687,55,1
116.5000000,44.5703095,4.5525813,9.4926356,44.6682367,4.5886586,9.5115399,1.1474317,0.3197304,0.0759263,0.1060597,0.1117205,47.5492554,0.0128899,0.0159562,0.0012300,-0.0000046,0.0000001,-0.0000001,1690,55,1
116.6000000,44.6826193,4.5904789,9.5001953,44.7827866,4.6205222,9.5176303,1.1435697,0.3175396,0.0774118,0.1060191,0.1165675,47.6277887,0.0130283,0.0160947,0.0011114,-0.0000047,0.0000001,-0.0000001,1691,55,1
116.7000000,44.7948445,4.6282072,9.5078065,44.8972489,4.6520334,9.5254857,1.1456771,0.3126848,0.0796960,0.1066157,0.1219193,47.7064154,0.0132412,0.0163077,0.0012745,-0.0000047,0.0000001,-0.0000001,1691,55,1
116.8000000,44.9069825,4.6657656,9.5154690,45.0116837,4.6832134,9.5301017,1.1430225,0.3109117,0.0752353,0.1071489,0.1271120,47.7851570,0.0135687,0.0166353,0.0012480,-0.0000047,0.0000001,-0.0000001,1692,55,1
116.9000000,45.0190311,4.7031534,9.5231827,45.1261849,4.7140707,9.5375693,1.1470009,0.3062348,0.0741164,0.1086651,0.1330075,47.8640671,0.0140507,0.0171173,0.0016054,-0.0000048,0.0000001,-0.0000001,1692,55,1
117,45.1309879,4.7403698,9.5309474,45.2151846,4.7532845,9.5447939,1.0403851,0.3476007,0.1351410,0.0862995,0.1090613,47.9435417,0.0122991,0.0151179,0.0011167,-0.0000376,0.0000012,-0.0000003,1700,55,1
117.1000000,45.2428506,4.7774142,9.5387631,45.3192484,4.7878723,9.5585419,1.0408911,0.3441548,0.1398177,0.0796065,0.1060995,48.0234556,0.0124278,0.0152470,0.0012216,-0.0000379,0.0000013,-0.0000003,1700,55,1
117.2000000,45.3546168,4.8142858,9.5466294,45.4232423,4.8222787,9.5394233,1.0396156,0.3438051,0.1118456,0.0694642,0.1010904,48.1034543,0.0126310,0.0154505,0.0011488,-0.0000381,0.0000011,-0.0000003,1701,55,1
117.3000000,45.4662843,4.8509839,9.5545463,45.5272664,4.8564550,9.5506195,1.0408652,0.3397206,0.1120777,0.0613528,0.0981860,48.1835436,0.0129487,0.0157686,0.0013984,-0.0000384,0.0000011,-0.0000003,1701,55,1
117.4000000,45.5778506,4.8875079,9.5625135,45.6311463,4.8903995,9.5542485,1.0368356,0.3391438,0.1087270,0.0540103,0.0963614,48.2636804,0.0134209,0.0162411,0.0014038,-0.0000387,0.0000009,-0.0000002,1702,55,1
117.5000000,45.6893134,4.9238571,9.5705310,45.7517005,4.9276685,9.5612417,1.0859886,0.3454080,0.0948123,0.0631900,0.1007243,48.3437270,0.0129891,0.0158087,0.0012300,-0.0000382,0.0000009,-0.0000002,1705,55,1
117.6000000,45.8006704,4.9600307,9.5785986,45.8603553,4.9620459,9.5517006,1.0873634,0.3420730,0.0860913,0.0654969,0.1037683,48.4239268,0.0131275,0.0159472,0.0011114,-0.0000382,0.0000007,-0.0000002,1706,55,1
117.7000000,45.9119193,4.9960282,9.5867160,45.9689006,4.9960798,9.5603253,1.0835421,0.3386038,0.0864030,0.0627960,0.1038046,48.5041781,0.0133405,0.0161602,0.0012745,-0.0000383,0.0000007,-0.0000002,1706,55,1
117.8000000,46.0230577,5.0318487,9.5948832,46.0770204,5.0297540,9.5641883,1.0789008,0.3348679,0.0829176,0.0621171,0.1052525,48.5842154,0.0136680,0.0164877,0.0012480,-0.0000383,0.0000006,-0.0000002,1707,55,1
117.9000000,46.1340834,5.0674917,9.6030999,46.1850022,5.0630332,9.5728247,1.0807353,0.3307168,0.0898102,0.0594070,0.1057045,48.6643744,0.0141500,0.0169698,0.0016054,-0.0000383,0.0000006,-0.0000001,1707,55,1
118,46.2449939,5.1029565,9.6113659,46.3256250,5.1220582,9.5686534,1.1233138,0.4538634,0.0700461,0.0932234,0.1057787,48.7447520,0.0124025,0.0149721,0.0011166,-0.0000729,0.0000026,-0.0000007,1715,55,1
118.1000000,46.3557871,5.1382424,9.6196812,46.4378812,5.1674262,9.5756488,1.1218112,0.4534967,0.0698601,0.0976217,0.1022805,48.8250662,0.0125313,0.0151011,0.0012215,-0.0000732,0.0000027,-0.0000007,1715,55,1
118.2000000,46.4664606,5.1733487,9.6280456,46.5502777,5.2127390,9.5946686,1.1256454,0.4528825,0.0813846,0.0984425,0.0950551,48.9055605,0.0127347,0.0153045,0.0011488,-0.0000735,0.0000023,-0.0000006,1716,55,1
118.3000000,46.5770121,5.2082748,9.6364588,46.6628093,5.2581553,9.6028725,1.1249866,0.4554431,0.0826943,0.1047725,0.0932244,48.9862402,0.0130525,0.0156225,0.0013983,-0.0000738,0.0000023,-0.0000006,1716,55,1
118.4000000,46.6874393,5.2430200,9.6449207,46.7753511,5.3035352,9.6165331,1.1257073,0.4521925,0.0896239,0.1104375,0.0908686,49.0669879,0.0135248,0.0160950,0.0014038,-0.0000741,0.0000018,-0.0000005,1717,55,1
118.5000000,46.7977398,5.2775838,9.6534311,46.8736611,5.3245685,9.6074122,1.0862490,0.3753650,0.0234271,0.1004458,0.0911766,49.1481554,0.0130928,0.0156627,0.0012300,-0.0000736,0.0000019,-0.0000005,1720,55,1
118.6000000,46.9079115,5.3119653,9.6619899,46.9820044,5.3620486,9.6284321,1.0800942,0.3743726,0.0323140,0.0955208,0.0829575,49.2293816,0.0132312,0.0158011,0.0011113,-0.0000736,0.0000015,-0.0000004,1721,55,1
118.7000000,47.0179519,5.3461641,9.6705968,47.0900158,5.3992531,9.6318197,1.0801332,0.3697180,0.0354384,0.0975464,0.0825982,49.3104898,0.0134442,0.0160141,0.0012744,-0.0000737,0.0000015,-0.0000004,1721,55,1
118.8000000,47.1278589,5.3801795,9.6792517,47.1979560,5.4361083,9.6421627,1.0785418,0.3674198,0.0447149,0.0970424,0.0793669,49.3917429,0.0137717,0.0163416,0.0012480,-0.0000737,0.0000012,-0.0000003,1722,55,1
118.9000000,47.2376301,5.4140107,9.6879544,47.3056718,5.4725693,9.6464982,1.0757737,0.3617994,0.0419952,0.0988807,0.0791639,49.4729749,0.0142537,0.0168237,0.0016054,-0.0000737,0.0000012,-0.0000003,1722,55,1
119,47.3472633,5.4476573,9.6967048,47.3974130,5.5492369,9.6927437,1.1172901,0.3428646,0.1611829,0.1133538,0.0572695,49.5541981,0.0125066,0.0148287,0.0011166,-0.0001105,0.0000041,-0.0000011,1730,55,1
119.1000000,47.4567562,5.4811186,9.7055026,47.5091751,5.5833525,9.7089046,1.1179517,0.3394474,0.1620359,0.1149395,0.0595002,49.6355689,0.0126355,0.0149576,0.0012215,-0.0001108,0.0000042,-0.0000012,1730,55,1
119.2000000,47.5661066,5.5143939,9.7143476,47.6206841,5.6170827,9.7394115,1.1113599,0.3354001,0.1764023,0.1189617,0.0663938,49.7168870,0.0128389,0.0151610,0.0011488,-0.0001112,0.0000035,-0.0000010,1731,55,1
119.3000000,47.6753120,5.5474826,9.7232398,47.7317557,5.6505978,9.7569788,1.1100738,0.3349019,0.1749439,0.1222986,0.0717341,49.7979937,0.0131568,0.0154788,0.0013983,-0.0001115,0.0000036,-0.0000010,1731,55,1
119.4000000,47.7843704,5.5803842,9.7321788,47.8428869,5.6840244,9.7469497,1.1136542,0.3333214,0.1355107,0.1199319,0.0670088,49.8792711,0.0136292,0.0159512,0.0014038,-0.0001119,0.0000028,-0.0000008,1732,55,1
119.5000000,47.8932795,5.6130980,9.7411646,47.9438711,5.7152211,9.7463795,1.0775343,0.3192780,0.0835030,0.1140869,0.0580731,49.9606855,0.0131971,0.0155191,0.0012300,-0.0001112,0.0000029,-0.0000008,1735,55,1
119.6000000,48.0020369,5.6456235,9.7501969,48.0515488,5.7469723,9.7147431,1.0777376,0.3152651,0.0613156,0.1182370,0.0667124,50.0421392,0.0133355,0.0156575,0.0011113,-0.0001113,0.0000024,-0.0000007,1736,55,1
119.7000000,48.1106405,5.6779599,9.7592755,48.1593863,5.7785226,9.7210470,1.0790122,0.3157401,0.0647624,0.1181119,0.0673424,50.1238175,0.0135485,0.0158705,0.0012744,-0.0001113,0.0000024,-0.0000007,1736,55,1
119.8000000,48.2190880,5.7101068,9.7684003,48.2672178,5.8101815,9.7316426,1.0774910,0.3174749,0.0673759,0.1169725,0.0658692,50.2055318,0.0138760,0.0161980,0.0012480,-0.0001114,0.0000019,-0.0000005,1737,55,1
119.9000000,48.3273771,5.7420635,9.7775711,48.3750315,5.8418459,9.7383441,1.0787835,0.3158118,0.0666540,0.1173295,0.0668279,50.2872814,0.0143580,0.0166801,0.0016054,-0.0001114,0.0000018,-0.0000005,1737,55,1
120,48.4355058,5.7738295,9.7867876,48.4557339,5.8664918,9.7514653,0.9638152,0.3205820,0.0547802,0.1012084,0.0494423,50.3692180,0.0126114,0.0146901,0.0011166,-0.0001484,0.0000057,-0.0000017,1745,55,1